time,date,year,month,month,latitude,longitude,depth,mag,magType,nst,gap,dmin,rms,net,id,updated,place,country,type,horizontalError,depthError,magError,magNst,status,locationSource,magSource
2020-09-29T12:11:39.171Z,2020-09-29,2020,09,2020-09,-21.0339,117.1499,10,4.5,mb,,97,2.413,0.85,us,us6000c2il,2020-09-30T04:10:39.526Z,39 km S of Wickham, Australia,earthquake,7.1,1.9,0.171,10,reviewed,us,us
2020-08-23T03:00:52.644Z,2020-08-23,2020,08,2020-08,-20.9471,146.2574,10,4.7,mb,,131,0.855,0.83,us,us6000bja6,2020-09-18T04:03:16.691Z,96 km S of Charters Towers City, Australia,earthquake,6.4,1.9,0.138,18,reviewed,us,us
2020-05-14T05:53:33.305Z,2020-05-14,2020,05,2020-05,-33.7003,138.7666,7.04,4.4,mb,,104,2.998,0.51,us,us70009fvb,2020-08-02T00:32:07.040Z,20 km NE of Clare, Australia,earthquake,6.7,6.4,0.178,9,reviewed,us,us
2020-05-02T17:48:38.784Z,2020-05-02,2020,05,2020-05,-32.3551,150.8055,16.05,4,mb,,48,2.055,1.15,us,us70009brt,2020-07-18T21:57:44.040Z,11 km ENE of Denman, Australia,earthquake,5.8,4.2,0.156,15,reviewed,us,us
2020-04-15T07:11:04.854Z,2020-04-15,2020,04,2020-04,-19.8545,148.77,10,5,mb,,31,2.381,1.33,us,us70008wkb,2020-07-09T14:31:06.040Z,57 km ENE of Bowen, Australia,earthquake,4.1,1.8,0.102,31,reviewed,us,us
2020-04-12T22:03:26.948Z,2020-04-12,2020,04,2020-04,-17.134,121.9442,10,4.3,mb,,82,4.517,0.88,us,us70008ymd,2020-06-30T14:03:15.040Z,97km NNW of Broome, Australia,earthquake,5.2,1.9,0.177,9,reviewed,us,us
2020-04-11T10:44:01.357Z,2020-04-11,2020,04,2020-04,-18.1361,120.3644,10,4.2,mb,,75,3.065,0.79,us,us70008yjt,2020-06-30T14:03:13.040Z,198km W of Broome, Australia,earthquake,7.7,1.8,0.159,12,reviewed,us,us
2020-02-10T09:24:38.966Z,2020-02-10,2020,02,2020-02,-21.4511,114.9944,10,4.3,mb,,127,1.38,1.31,us,us70007mgp,2020-04-25T22:19:08.040Z,197km WSW of Dampier, Australia,earthquake,8.1,1.9,0.161,11,reviewed,us,us
2020-01-28T03:10:54.891Z,2020-01-28,2020,01,2020-01,-23.5546,126.4035,10,4.4,mb,,68,5.475,1.01,us,us60007hwd,2020-04-11T18:21:00.040Z,286km N of Warburton, Australia,earthquake,7.5,2,0.24,5,reviewed,us,us
2019-12-20T14:29:10.383Z,2019-12-20,2019,12,2019-12,-12.1704,136.124,10,4.1,mb,,100,4.919,0.95,us,us70006p3w,2020-03-07T17:47:38.040Z,70km W of Nhulunbuy, Australia,earthquake,4.5,1.9,0.214,10,reviewed,us,us
2019-12-16T05:29:42.556Z,2019-12-16,2019,12,2019-12,-32.3497,150.8136,10,4.2,mb,,93,2.047,0.84,us,us60006s1c,2020-03-04T21:27:08.040Z,12km SW of Muswellbrook, Australia,earthquake,6.5,1.9,0.136,15,reviewed,us,us
2019-12-16T04:27:39.966Z,2019-12-16,2019,12,2019-12,-32.3604,150.7501,10,3.7,mb,,120,2.076,0.91,us,us60006s1e,2020-03-04T21:27:08.040Z,6km ENE of Denman, Australia,earthquake,8,2,0.205,6,reviewed,us,us
2019-11-18T21:59:13.278Z,2019-11-18,2019,11,2019-11,-18.3143,120.3976,10,4.3,mb,,74,2.898,1.12,us,us700069mj,2020-02-07T20:22:16.040Z,198km WSW of Broome, Australia,earthquake,8,1.9,0.189,8,reviewed,us,us
2019-11-02T22:03:19.938Z,2019-11-02,2019,11,2019-11,-18.149,120.3479,10,4.4,mb,,84,3.05,1,us,us600069c1,2020-01-18T20:00:45.040Z,200km W of Broome, Australia,earthquake,6.8,2,0.268,4,reviewed,us,us
2019-10-26T04:57:19.595Z,2019-10-26,2019,10,2019-10,-18.3745,120.6248,10,4.2,mb,,93,2.895,1.38,us,us6000635e,2020-01-11T21:26:42.040Z,176km WSW of Broome, Australia,earthquake,7.8,1.9,0.263,4,reviewed,us,us
2019-10-13T12:48:28.098Z,2019-10-13,2019,10,2019-10,-18.187,120.3487,10,4.2,mb,,96,3.013,0.96,us,us70005tvt,2019-12-28T20:45:51.040Z,200km W of Broome, Australia,earthquake,5.8,1.7,0.187,9,reviewed,us,us
2019-09-25T10:45:59.319Z,2019-09-25,2019,09,2019-09,-36.1734,148.8943,5,2.8,ml,,167,0.856,1.1,us,us70005l37,2019-12-20T19:02:31.040Z,22km WNW of Cooma, Australia,earthquake,5.2,2,0.181,4,reviewed,us,us
2019-09-24T03:51:38.210Z,2019-09-24,2019,09,2019-09,-18.1494,120.3243,10,4.6,mb,,84,3.045,0.79,us,us60005mji,2019-12-20T19:01:58.040Z,203km W of Broome, Australia,earthquake,8,1.9,0.173,10,reviewed,us,us
2019-09-15T22:05:30.702Z,2019-09-15,2019,09,2019-09,-30.3214,117.8995,10,4.4,mb,,115,2.043,0.97,us,us60005m9j,2019-12-05T18:30:52.040Z,130km ENE of Wongan Hills, Australia,earthquake,4.8,1.9,0.162,11,reviewed,us,us
2019-09-11T09:01:00.622Z,2019-09-11,2019,09,2019-09,-23.6049,127.4754,10,4.1,mb,,37,5.741,0.71,us,us70005enr,2019-12-05T18:30:57.040Z,294km NNE of Warburton, Australia,earthquake,6.2,1.8,0.175,9,reviewed,us,us
2019-08-31T21:00:25.860Z,2019-08-31,2019,08,2019-08,-35.3037,134.3524,11.69,4.2,mb,,78,2.862,1.22,us,us70005cdt,2019-11-15T17:21:07.040Z,151km WSW of Port Lincoln, Australia,earthquake,7,4.7,0.136,15,reviewed,us,us
2019-08-18T12:49:44.803Z,2019-08-18,2019,08,2019-08,-19.7672,133.9199,10,4.1,mb,,64,0.445,1.36,us,us700058g0,2019-11-02T15:26:24.040Z,32km WSW of Tennant Creek, Australia,earthquake,5.2,1.9,0.198,7,reviewed,us,us
2019-08-18T11:38:41.484Z,2019-08-18,2019,08,2019-08,-20.8538,151.929,10,4.7,mb,,51,4.561,0.72,us,us600056px,2019-11-02T15:26:14.040Z,280km NNE of Yeppoon, Australia,earthquake,6.7,1.7,0.117,22,reviewed,us,us
2019-08-16T12:25:43.528Z,2019-08-16,2019,08,2019-08,-18.2645,120.3358,10,4.1,mb,,106,2.935,0.37,us,us700058e8,2019-11-02T15:26:22.040Z,203km W of Broome, Australia,earthquake,7.2,2,0.197,7,reviewed,us,us
2019-08-13T02:14:45.386Z,2019-08-13,2019,08,2019-08,-33.7743,131.142,10,4.6,mb,,70,4.228,0.88,us,us600054d0,2019-11-02T15:26:02.040Z,299km SW of Ceduna, Australia,earthquake,9,1.9,0.133,17,reviewed,us,us
2019-08-12T19:11:48.070Z,2019-08-12,2019,08,2019-08,-21.4847,120.5547,10,4.6,mb,,84,0.665,1.07,us,us60005463,2019-10-29T20:34:09.040Z,224km NNE of Newman, Australia,earthquake,3.7,2,0.172,10,reviewed,us,us
2019-08-01T23:03:58.468Z,2019-08-01,2019,08,2019-08,-18.3516,120.447,10,4.9,mb,,42,2.873,0.68,us,us60004yx2,2019-10-19T21:42:04.040Z,193km WSW of Broome, Australia,earthquake,6.6,1.9,0.112,25,reviewed,us,us
2019-08-01T16:49:19.387Z,2019-08-01,2019,08,2019-08,-34.6232,117.6946,10,4.2,mb,,165,1.733,0.72,us,us600052tn,2019-10-19T21:42:18.040Z,2km ENE of Mount Barker, Australia,earthquake,8.9,2,0.159,11,reviewed,us,us
2019-08-01T01:22:16.999Z,2019-08-01,2019,08,2019-08,-19.7723,133.9,10,5.1,mww,,60,0.435,0.67,us,us60004yd0,2019-10-19T21:42:02.040Z,34km WSW of Tennant Creek, Australia,earthquake,5.3,1.8,0.078,16,reviewed,us,us
2019-07-25T19:06:15.505Z,2019-07-25,2019,07,2019-07,-18.2225,120.3765,10,4,mb_lg,,96,2.983,0.94,us,us60004vi4,2019-10-11T20:12:30.040Z,198km W of Broome, Australia,earthquake,7.2,1.8,0.18,8,reviewed,us,us
2019-07-20T00:18:02.751Z,2019-07-20,2019,07,2019-07,-18.0599,120.2139,10,4.6,mb,,86,3.511,1.2,us,us70004pg7,2019-10-04T16:37:24.040Z,214km W of Broome, Australia,earthquake,8.7,2,0.244,5,reviewed,us,us
2019-07-19T09:21:27.935Z,2019-07-19,2019,07,2019-07,-18.0965,120.2808,10,4.6,mb,,97,3.09,0.84,us,us70004nrm,2019-10-04T16:37:19.040Z,207km W of Broome, Australia,earthquake,7,2,0.224,6,reviewed,us,us
2019-07-17T10:20:10.407Z,2019-07-17,2019,07,2019-07,-18.4535,120.2826,10,4.6,mb,,84,2.741,1.05,us,us70004m50,2019-10-04T16:37:08.040Z,213km WSW of Broome, Australia,earthquake,8.2,1.9,0.206,7,reviewed,us,us
2019-07-14T23:01:36.511Z,2019-07-14,2019,07,2019-07,-18.2782,120.2792,10,5,mww,,28,2.912,0.74,us,us70004k8e,2019-09-28T20:01:24.040Z,209km W of Broome, Australia,earthquake,5.7,1.7,0.086,13,reviewed,us,us
2019-07-14T21:33:50.889Z,2019-07-14,2019,07,2019-07,-18.0833,120.3321,10,4.7,mb,,98,3.111,0.82,us,us70004k76,2019-09-28T20:01:23.040Z,201km W of Broome, Australia,earthquake,8.8,1.9,0.194,8,reviewed,us,us
2019-07-14T15:58:32.648Z,2019-07-14,2019,07,2019-07,-18.1689,120.3277,10,4.5,mb,,85,3.027,0.95,us,us70004k49,2019-09-28T20:01:23.040Z,202km W of Broome, Australia,earthquake,6.8,1.9,0.221,7,reviewed,us,us
2019-07-14T10:58:00.228Z,2019-07-14,2019,07,2019-07,-18.407,120.4184,10,4.6,mb,,91,2.813,0.91,us,us70004k0j,2019-09-28T20:01:21.040Z,198km WSW of Broome, Australia,earthquake,9.6,1.9,0.146,14,reviewed,us,us
2019-07-14T07:26:36.127Z,2019-07-14,2019,07,2019-07,-18.0076,120.4803,10,4.9,mb,,42,3.213,0.79,us,us70004jy7,2019-09-28T20:01:20.040Z,185km W of Broome, Australia,earthquake,7.9,1.8,0.1,31,reviewed,us,us
2019-07-14T06:03:08.690Z,2019-07-14,2019,07,2019-07,-18.7883,120.2867,10,4.2,mb,,90,6.84,0.61,us,us60004ump,2019-09-28T20:00:40.040Z,224km WSW of Broome, Australia,earthquake,8.1,1.9,0.199,7,reviewed,us,us
2019-07-14T05:39:23.420Z,2019-07-14,2019,07,2019-07,-18.2242,120.3584,10,6.6,mww,,32,2.978,0.7,us,us70004jxe,2020-07-10T17:44:37.654Z,200km W of Broome, Australia,earthquake,6.5,1.5,0.029,116,reviewed,us,us
2019-06-20T14:30:06.493Z,2019-06-20,2019,06,2019-06,-33.3459,119.5242,10,4.2,mb,,102,1.962,1.17,us,us600043pw,2019-09-11T15:19:20.040Z,54km WNW of Ravensthorpe, Australia,earthquake,5.8,1.9,0.152,12,reviewed,us,us
2019-06-15T02:59:40.927Z,2019-06-15,2019,06,2019-06,-21.4085,121.0848,15.69,4.4,mb,,79,1.165,1.1,us,us6000411a,2019-09-06T14:25:07.040Z,257km NNE of Newman, Australia,earthquake,4.9,5.3,0.22,6,reviewed,us,us
2019-05-30T07:38:55.244Z,2019-05-30,2019,05,2019-05,-21.2953,132.0098,10,4.4,mb,,67,2.563,1.35,us,us70003t2c,2019-08-24T21:17:36.040Z,292km SW of Tennant Creek, Australia,earthquake,6.9,1.4,0.144,14,reviewed,us,us
2019-05-30T02:26:52.595Z,2019-05-30,2019,05,2019-05,-21.3078,132.0076,10,4.9,mww,,40,2.593,0.65,us,us70003t0e,2019-08-24T21:17:35.040Z,293km SW of Tennant Creek, Australia,earthquake,6.5,1.7,0.083,14,reviewed,us,us
2019-02-20T02:26:54.290Z,2019-02-20,2019,02,2019-02,-15.5269,129.2734,10,4.3,mb,,141,0.514,0.75,us,us1000j9de,2019-05-11T17:40:30.040Z,63km ENE of Kununurra, Australia,earthquake,4.8,2,0.238,5,reviewed,us,us
2019-02-01T08:28:16.760Z,2019-02-01,2019,02,2019-02,-24.5219,113.0182,10,4.5,mb,,160,2.177,1.14,us,us2000jbqi,2019-04-18T19:09:28.040Z,73km WNW of Carnarvon, Australia,earthquake,6,1.9,0.15,13,reviewed,us,us
2018-12-16T14:26:19.620Z,2018-12-16,2018,12,2018-12,-23.3226,112.4979,10,5.8,mww,,43,1.737,0.76,us,us2000iu4a,2020-07-10T17:19:19.164Z,206km NW of Carnarvon, Australia,earthquake,6,1.7,0.051,37,reviewed,us,us
2018-11-21T15:58:50.300Z,2018-11-21,2018,11,2018-11,-33.2585,136.923,10,4.2,mb,,139,0.852,0.71,us,us1000hxfr,2019-02-02T20:02:31.040Z,62km NE of Cleve, Australia,earthquake,7.4,1.9,0.215,7,reviewed,us,us
2018-11-08T21:07:01.300Z,2018-11-08,2018,11,2018-11,-34.3508,116.8388,10,5.2,mww,,61,1.458,0.97,us,us1000hpej,2019-01-21T16:42:51.040Z,64km ESE of Manjimup, Australia,earthquake,4.4,1.8,0.089,12,reviewed,us,us
2018-10-12T16:31:30.360Z,2018-10-12,2018,10,2018-10,-34.3495,116.8696,10,4.5,mb,,151,1.451,1.26,us,us1000hb52,2018-12-21T21:15:50.040Z,62km SSW of Kojonup, Australia,earthquake,7.9,1.9,0.121,20,reviewed,us,us
2018-09-16T04:56:25.520Z,2018-09-16,2018,09,2018-09,-34.3146,116.759,10,5.3,mww,,42,1.44,1.39,us,us2000hfcw,2018-11-21T18:19:12.040Z,56km E of Manjimup, Australia,earthquake,8.8,1.7,0.083,14,reviewed,us,us
2018-09-14T21:51:47.260Z,2018-09-14,2018,09,2018-09,-32.3666,150.801,10,3.9,mb,,186,2.067,0.39,us,us2000hg1x,2018-11-21T18:19:13.040Z,11km E of Denman, Australia,earthquake,10.1,2,0.258,4,reviewed,us,us
2018-08-08T14:19:15.940Z,2018-08-08,2018,08,2018-08,-32.3586,122.4347,10.35,4.1,mb,,84,4.419,0.73,us,us1000g5gz,2018-10-17T18:11:58.040Z,174km NNE of Esperance, Australia,earthquake,7.2,6.3,0.184,8,reviewed,us,us
2018-08-08T11:01:39.000Z,2018-08-08,2018,08,2018-08,-34.877,139.184,13,3.2,ml,,,,0.2,us,us1000g5at,2018-10-17T18:11:56.040Z,12km WNW of Mannum, Australia,earthquake,8.5,4.7,,,reviewed,aust,aust
2018-07-23T13:48:30.160Z,2018-07-23,2018,07,2018-07,-35.9718,144.2409,10,3,ml,,144,1.885,1.14,us,us2000gc5e,2018-10-09T16:43:32.040Z,49km WNW of Echuca, Australia,earthquake,9.1,2,0.148,6,reviewed,us,us
2018-07-09T12:45:32.590Z,2018-07-09,2018,07,2018-07,-33.1295,138.5629,8.55,3.3,ml,,148,2.128,1.27,us,us2000g0qi,2018-10-02T16:40:31.040Z,8km NNW of Jamestown, Australia,earthquake,8.4,7.5,0.256,2,reviewed,us,us
2018-07-01T02:27:39.470Z,2018-07-01,2018,07,2018-07,-33.618,136.7729,10,3.9,ml,,167,1.003,0.39,us,us2000ftar,2018-09-21T16:25:58.040Z,26km ENE of Cleve, Australia,earthquake,8,2,0.256,2,reviewed,us,us
2018-06-20T02:54:32.190Z,2018-06-20,2018,06,2018-06,-32.413,122.4811,8.11,4.5,mb,,74,4.45,0.69,us,us1000ew2s,2018-09-19T15:15:50.040Z,170km NNE of Esperance, Australia,earthquake,7.3,4.5,0.145,14,reviewed,us,us
2018-06-18T06:26:49.110Z,2018-06-18,2018,06,2018-06,-26.0891,121.5452,10,4.5,mb,,58,4.757,0.93,us,us1000eu88,2018-09-19T15:15:47.040Z,294km NNW of Laverton, Australia,earthquake,8.6,1.9,0.18,9,reviewed,us,us
2018-01-10T21:31:56.280Z,2018-01-10,2018,01,2018-01,-18.867,123.3303,10,4,mb,,168,2.321,1.39,us,us2000cnw0,2018-04-03T01:40:25.040Z,152km SE of Broome, Australia,earthquake,7.9,2,0.3,3,reviewed,us,us
2017-08-31T17:45:29.040Z,2017-08-31,2017,08,2017-08,-25.7102,129.9133,10,4.3,mb,,53,4.161,0.86,us,us2000arkc,2017-11-28T18:33:55.040Z,Northern Territory, Australia,earthquake,3.9,2,0.239,5,reviewed,us,us
2017-08-06T04:21:50.710Z,2017-08-06,2017,08,2017-08,-19.1146,128.0923,4.57,4.9,mb,,39,2.535,0.96,us,us2000a5b3,2017-10-25T00:37:59.040Z,99km SSE of Halls Creek, Australia,earthquake,3.9,3.4,0.09,39,reviewed,us,us
2017-06-09T17:16:14.240Z,2017-06-09,2017,06,2017-06,-22.2934,121.1969,10,4.5,mb,,81,1.444,1.05,us,us20009msa,2017-08-16T02:42:21.040Z,191km NE of Newman, Australia,earthquake,6.8,2,0.204,7,reviewed,us,us
2017-05-28T16:50:23.860Z,2017-05-28,2017,05,2017-05,-19.8692,133.9267,6.49,4.3,mb,,64,0.394,1.04,us,us20009j83,2017-08-15T02:26:44.040Z,37km SW of Tennant Creek, Australia,earthquake,5.9,5.4,0.147,13,reviewed,us,us
2017-04-24T07:37:25.290Z,2017-04-24,2017,04,2017-04,-32.2936,138.3526,23.93,4,mb,,121,2.004,1.09,us,us10008n8q,2017-07-21T02:32:04.040Z,30km ENE of Quorn, Australia,earthquake,6.8,10.8,0.232,5,reviewed,us,us
2017-04-19T08:55:50.170Z,2017-04-19,2017,04,2017-04,-32.3091,153.1619,10,3.9,mb,,119,2.296,0.9,us,us10008k3m,2017-07-11T01:48:37.040Z,62km ESE of Forster, Australia,earthquake,5.1,2,0.295,3,reviewed,us,us
2017-04-13T17:01:21.500Z,2017-04-13,2017,04,2017-04,-25.6073,129.9183,10.8,4.5,mb,,119,4.109,0.77,us,us10008hbr,2017-07-05T18:09:58.040Z,Northern Territory, Australia,earthquake,5.1,4.2,0.121,20,reviewed,us,us
2017-04-13T16:31:06.360Z,2017-04-13,2017,04,2017-04,-33.5328,148.9562,14.53,4.2,mb,,56,0.894,1.25,us,us10008hbg,2017-07-05T18:09:58.040Z,23km WSW of Millthorpe, Australia,earthquake,5.5,5.7,0.14,14,reviewed,us,us
2017-04-04T03:55:54.340Z,2017-04-04,2017,04,2017-04,-25.9262,128.8547,13.86,4.4,mb,,45,4.885,0.97,us,us10008ghv,2017-06-23T07:26:29.040Z,228km E of Warburton, Australia,earthquake,8.4,6.3,0.267,4,reviewed,us,us
2017-03-26T20:00:04.110Z,2017-03-26,2017,03,2017-03,-31.5062,122.8771,14.98,4.1,mb,,72,4.501,0.68,us,us10008dkr,2017-06-16T23:07:57.040Z,127km SE of Stoneville, Australia,earthquake,4.9,6.6,0.165,10,reviewed,us,us
2017-02-01T13:37:54.820Z,2017-02-01,2017,02,2017-02,-35.0581,139.1956,10,3.9,mb,,111,3.439,1.22,us,us10007wmj,2017-04-27T01:38:41.040Z,9km NW of Murray Bridge, Australia,earthquake,6.6,2,0.209,6,reviewed,us,us
2017-01-03T15:30:19.000Z,2017-01-03,2017,01,2017-01,-30.609,118.455,10,4.5,mb,,,,0.74,us,us10007pgt,2017-03-27T23:53:20.040Z,98km N of Merredin, Australia,earthquake,5.7,5.5,0.145,14,reviewed,aust,us
2016-11-10T10:24:51.000Z,2016-11-10,2016,11,2016-11,-19.853,133.866,5,4.2,mb,,,,1.26,us,us100076lx,2017-02-02T02:21:06.040Z,41km WSW of Tennant Creek, Australia,earthquake,5,1.9,0.528,1,reviewed,aust,us
2016-11-06T09:54:31.000Z,2016-11-06,2016,11,2016-11,-19.106,127.987,10,4.8,mb,,,,1.14,us,us100075ug,2017-02-02T02:21:01.040Z,95km SSE of Halls Creek, Australia,earthquake,7.2,4.7,0.113,24,reviewed,aust,us
2016-11-03T16:25:13.000Z,2016-11-03,2016,11,2016-11,-29.627,137.098,10,4.1,mb,,,,0.3,us,us100076nj,2017-01-24T02:02:16.040Z,105km N of Roxby Downs, Australia,earthquake,7,3.1,0.212,6,reviewed,aust,us
2016-08-19T14:39:22.000Z,2016-08-19,2016,08,2016-08,-25.582,129.806,0,3.9,mb,,,,1.18,us,us10006ggk,2016-11-19T04:58:31.040Z,Northern Territory, Australia,earthquake,7,2,0.296,3,reviewed,aust,us
2016-08-18T18:27:35.010Z,2016-08-18,2016,08,2016-08,-19.6628,148.8618,10,4.3,mb,,146,2.49,0.52,us,us10006gd4,2016-11-15T02:21:53.040Z,76km ENE of Bowen, Australia,earthquake,5.5,1.9,0.217,6,reviewed,us,us
2016-08-18T05:30:34.000Z,2016-08-18,2016,08,2016-08,-19.73,148.92,2,4,ml,,,,0.34,us,us10006emu,2016-11-15T02:21:53.040Z,78km ENE of Bowen, Australia,earthquake,10.7,6.8,,,reviewed,aust,aust
2016-08-18T04:30:08.800Z,2016-08-18,2016,08,2016-08,-19.8352,148.7233,10,5.7,mww,,30,2.335,0.82,us,us10006em9,2017-10-31T12:42:21.340Z,55km ENE of Bowen, Australia,earthquake,7.1,1.8,,,reviewed,us,us
2016-08-13T15:31:12.390Z,2016-08-13,2016,08,2016-08,-23.8567,152.9265,10,4.6,mb,,115,2.255,1.07,us,us10006dl0,2016-11-15T02:21:47.040Z,124km NNE of Bundaberg, Australia,earthquake,7.8,1.9,0.119,21,reviewed,us,us
2016-08-06T21:16:33.000Z,2016-08-06,2016,08,2016-08,-25.572,129.804,0,4.2,mb,,,,1.42,us,us10006cca,2016-10-26T03:10:21.040Z,Northern Territory, Australia,earthquake,6.1,2,0.373,2,reviewed,aust,us
2016-07-16T11:44:49.000Z,2016-07-16,2016,07,2016-07,-32.501,122.436,0,4,mb,,,,1.32,us,us20006gfc,2016-09-17T01:27:47.040Z,159km NNE of Esperance, Australia,earthquake,10.2,6.2,0.164,10,reviewed,aust,us
2016-07-14T10:08:55.000Z,2016-07-14,2016,07,2016-07,-32.536,122.433,0,4,mb,,,,1.16,us,us20006g48,2016-09-08T01:50:31.040Z,155km NNE of Esperance, Australia,earthquake,9,7,0.184,8,reviewed,aust,us
2016-07-08T09:40:50.000Z,2016-07-08,2016,07,2016-07,-32.458,122.511,0,5.2,mb,,,,1.2,us,us100061v2,2016-09-08T01:50:22.040Z,166km NNE of Esperance, Australia,earthquake,7.7,3.4,0.072,64,reviewed,aust,us
2016-06-19T01:54:09.000Z,2016-06-19,2016,06,2016-06,-35.916,136.45,10,4.5,mb,,,,1.07,us,us200066gl,2016-08-27T02:15:28.040Z,110km WSW of Kingscote, Australia,earthquake,5.5,1.9,0.127,18,reviewed,aust,us
2016-06-08T02:01:09.000Z,2016-06-08,2016,06,2016-06,-32.337,122.386,0,4.2,mb,,,,1.72,us,us200062pn,2016-08-18T00:36:34.040Z,173km SSE of Stoneville, Australia,earthquake,8.7,1.9,0.158,11,reviewed,aust,us
2016-06-01T13:00:47.000Z,2016-06-01,2016,06,2016-06,-32.457,122.481,0,3.9,mb,,,,1.46,us,us200062k6,2016-08-10T22:30:31.040Z,165km NNE of Esperance, Australia,earthquake,10.1,2,0.194,7,reviewed,aust,us
2016-05-28T16:38:44.000Z,2016-05-28,2016,05,2016-05,-32.285,122.396,15,4.9,mb,,,,1.5,us,us20005yv7,2016-08-10T22:30:25.040Z,168km SSE of Stoneville, Australia,earthquake,5,4.9,0.108,27,reviewed,aust,us
2016-05-28T15:30:27.000Z,2016-05-28,2016,05,2016-05,-32.285,122.396,6,4.8,mb,,,,1.35,us,us20005yus,2016-08-10T22:30:25.040Z,168km SSE of Stoneville, Australia,earthquake,8.1,5,0.111,25,reviewed,aust,us
2016-05-21T11:08:31.000Z,2016-05-21,2016,05,2016-05,-25.512,129.894,0,4.1,mb,,,,1.95,us,us20005yh7,2016-08-03T22:33:40.040Z,Northern Territory, Australia,earthquake,6.1,1.9,0.185,8,reviewed,aust,us
2016-05-21T09:08:34.000Z,2016-05-21,2016,05,2016-05,-25.519,129.891,0,4.2,mb,,,,0.97,us,us10005j49,2016-08-03T22:33:40.040Z,Northern Territory, Australia,earthquake,5.8,1.9,0.186,8,reviewed,aust,us
2016-05-21T08:46:44.620Z,2016-05-21,2016,05,2016-05,-25.5802,129.8082,10,4.4,mb,,95,4.186,0.64,us,us20005yh5,2016-08-03T22:33:40.040Z,Northern Territory, Australia,earthquake,6.5,1.9,0.189,8,reviewed,us,us
2016-05-21T08:46:18.000Z,2016-05-21,2016,05,2016-05,-25.601,129.837,0,4.4,mb,,,,1.15,us,us10005j44,2016-08-03T22:33:40.040Z,Northern Territory, Australia,earthquake,6.5,1.9,0.155,12,reviewed,aust,us
2016-05-21T07:12:31.000Z,2016-05-21,2016,05,2016-05,-25.532,129.838,0,4.2,mb,,,,1.05,us,us10005j3t,2016-08-03T22:33:40.040Z,Northern Territory, Australia,earthquake,8.1,1.9,0.187,8,reviewed,aust,us
2016-05-20T19:06:09.000Z,2016-05-20,2016,05,2016-05,-25.574,129.812,0,4.2,mb,,,,2.12,us,us20005y4t,2016-08-03T22:33:39.040Z,Northern Territory, Australia,earthquake,8.2,5.4,0.2,7,reviewed,aust,us
2016-05-20T18:14:04.670Z,2016-05-20,2016,05,2016-05,-25.5655,129.8841,10,6,mww,,24,1.53,1.33,us,us10005iyk,2018-03-13T01:22:51.756Z,Northern Territory, Australia,earthquake,2.2,1.7,,,reviewed,us,us
2016-04-28T16:52:44.000Z,2016-04-28,2016,04,2016-04,-19.77,133.888,10,4.4,mb,,,,1.92,us,us10005c6s,2016-07-08T02:49:27.040Z,35km WSW of Tennant Creek, Australia,earthquake,4.4,4.8,0.126,19,reviewed,aust,us
2015-12-25T18:40:07.390Z,2015-12-25,2015,12,2015-12,-25.5522,154.145,15.31,4.2,mb,,186,2.775,0.61,us,us10004baa,2016-03-18T01:13:01.040Z,112km ENE of Rainbow Beach, Australia,earthquake,8.6,5.3,0.176,9,reviewed,us,us
2015-11-03T01:07:44.000Z,2015-11-03,2015,11,2015-11,-19.784,133.938,11,4.3,mb,,,,0.68,us,us200041hc,2016-01-30T02:11:04.040Z,31km WSW of Tennant Creek, Australia,earthquake,3.5,5.1,0.16,11,reviewed,aust,us
2015-10-22T20:45:15.480Z,2015-10-22,2015,10,2015-10,-25.4034,154.203,10,4.2,mb,,194,2.823,0.91,us,us2000404r,2016-01-22T23:41:10.040Z,124km ENE of Rainbow Beach, Australia,earthquake,6.6,1.9,0.167,10,reviewed,us,us
2015-10-13T06:54:57.640Z,2015-10-13,2015,10,2015-10,-22.5819,120.8975,11.25,4.3,mb,,55,1.4,1.05,us,us10003n84,2016-01-11T21:07:24.040Z,147km NE of Newman, Australia,earthquake,6.1,5.6,0.168,10,reviewed,us,us
2015-10-07T20:30:12.490Z,2015-10-07,2015,10,2015-10,-17.1882,121.8921,10,4.5,mb,,71,3.686,0.87,us,us10003l09,2016-01-04T22:29:35.040Z,93km NNW of Broome, Australia,earthquake,6.9,1.2,0.131,17,reviewed,us,us
2015-08-14T01:06:55.340Z,2015-08-14,2015,08,2015-08,-25.4498,154.3241,10,4.3,mb,,73,2.933,1.07,us,us100036b0,2015-11-17T00:13:26.040Z,133km ENE of Rainbow Beach, Australia,earthquake,9.4,1.8,0.147,13,reviewed,us,us
2015-08-01T04:46:24.830Z,2015-08-01,2015,08,2015-08,-25.4093,154.1987,10,5.2,mb,,31,2.819,0.98,us,us10002x2n,2016-09-28T20:49:02.437Z,123km ENE of Rainbow Beach, Australia,earthquake,7.3,1.7,0.08,60,reviewed,us,us
2015-08-01T03:38:44.590Z,2015-08-01,2015,08,2015-08,-25.343,154.3348,9,5.4,mww,,18,2.943,0.87,us,us10002x1x,2019-12-20T10:43:29.745Z,139km ENE of Rainbow Beach, Australia,earthquake,7,1.7,,,reviewed,us,us
2015-07-29T23:41:40.420Z,2015-07-29,2015,07,2015-07,-25.3727,154.2281,9,5.5,mww,,21,2.846,0.71,us,us10002w8v,2020-08-19T19:19:13.142Z,128km ENE of Rainbow Beach, Australia,earthquake,7.1,1.7,,,reviewed,us,us
2015-03-10T12:39:49.000Z,2015-03-10,2015,03,2015-03,-38.046,145.491,0,2.8,ml,,,,1.1,us,us10001lem,2015-05-28T00:48:41.040Z,3km SW of Pakenham Upper, Australia,earthquake,3,2,,,reviewed,aust,aust
2015-02-15T15:57:10.000Z,2015-02-15,2015,02,2015-02,-25.219,151.374,15,4.9,mb,,,,1.1,us,usb000tpj7,2015-05-11T23:20:17.040Z,51km NNW of Gayndah, Australia,earthquake,6.1,3.2,0.107,31,reviewed,aust,us
2014-12-03T19:05:10.000Z,2014-12-03,2014,12,2014-12,-38.102,145.442,10,3.6,mb,,,,0.29,us,usc000t3l2,2015-02-28T02:16:06.040Z,11km S of Beaconsfield Upper, Australia,earthquake,5.1,7.8,0.25,4,reviewed,aust,us
2014-12-01T10:25:16.100Z,2014-12-01,2014,12,2014-12,-21.6482,131.1734,10,4.5,mb,,58,3.224,1.46,us,usb000t1ig,2015-02-24T00:35:15.040Z,Northern Territory, Australia,earthquake,4.8,1.9,0.54,3,reviewed,us,us
2014-11-28T03:01:45.000Z,2014-11-28,2014,11,2014-11,-26.054,112.569,15,4,mb,,,,1.15,us,usc000t5y1,2015-02-24T00:35:08.040Z,169km SW of Carnarvon, Australia,earthquake,11.2,8.8,0.259,5,reviewed,aust,us
2014-10-31T19:15:25.000Z,2014-10-31,2014,10,2014-10,-30.815,121.232,10,4.5,mb,,,,1.99,us,usc000st80,2015-01-20T09:03:06.040Z,23km WSW of Kalgoorlie, Australia,earthquake,6.6,1.9,0.118,26,reviewed,aust,us
2014-09-26T15:38:16.000Z,2014-09-26,2014,09,2014-09,-20.1,119.534,10,4.4,mb,,,,2.49,us,usb000sgcs,2014-12-20T00:53:59.040Z,103km ENE of Port Hedland, Australia,earthquake,4.9,1.9,0.202,7,reviewed,aust,us
2014-09-01T23:01:33.000Z,2014-09-01,2014,09,2014-09,-19.942,133.872,5,4.3,mb,,,,1.07,us,usc000s8u1,2014-11-29T00:09:24.000Z,47km SW of Tennant Creek, Australia,earthquake,4.7,3.4,0.202,8,reviewed,aust,us
2014-08-13T15:22:33.000Z,2014-08-13,2014,08,2014-08,-33.342,142.146,10,4,mb,,,,1.37,us,usb000s682,2014-11-15T04:07:07.000Z,84km N of Dareton, Australia,earthquake,,4.7,0.52,7,reviewed,aust,us
2014-06-09T18:07:35.000Z,2014-06-09,2014,06,2014-06,-29.901,137.627,9,4,mb,,,,1.99,us,usc000rn36,2014-08-30T17:03:00.000Z,101km NE of Roxby Downs, Australia,earthquake,,7.2,0.231,5,reviewed,aust,us
2014-06-04T02:29:09.000Z,2014-06-04,2014,06,2014-06,-29.867,137.71,13,4.2,mb,,,,1.01,us,usc000raqr,2014-08-30T17:03:00.000Z,110km NE of Roxby Downs, Australia,earthquake,,4.7,0.125,18,reviewed,aust,us
2014-05-13T09:44:10.200Z,2014-05-13,2014,05,2014-05,-18.7196,149.9563,10,4.1,mb,,66,3.749,1.28,us,usc000r95k,2014-08-06T00:55:34.000Z,231km NE of Bowen, Australia,earthquake,,1.9,0.184,8,reviewed,us,us
2014-04-29T09:54:56.000Z,2014-04-29,2014,04,2014-04,-32.796,139.541,13,4.6,mb,,,,0.92,us,usb000q3ij,2015-01-30T09:50:31.026Z,68km ENE of Peterborough, Australia,earthquake,,1.5,0.173,12,reviewed,aust,us
2014-03-16T03:24:51.000Z,2014-03-16,2014,03,2014-03,-17.414,124.438,10,3.8,mb,,,,1.29,us,usc000npv7,2014-05-16T21:51:43.000Z,51km ESE of Derby, Australia,earthquake,,2,0.506,2,reviewed,aust,us
2014-02-26T00:00:07.000Z,2014-02-26,2014,02,2014-02,-30.679,121.187,0,4.5,mwr,,,,1.33,us,usc000my8y,2014-05-13T21:36:41.000Z,27km WNW of Kalgoorlie, Australia,earthquake,,3.3,0.083,14,reviewed,aust,us
2014-01-13T04:58:48.000Z,2014-01-13,2014,01,2014-01,-37.759,145.353,15,2.8,ml,,,,1.98,us,usb000m1bj,2015-01-29T18:21:55.114Z,6km N of Montrose, Australia,earthquake,,1.8,,,reviewed,aust,aust
2013-08-28T09:15:19.000Z,2013-08-28,2013,08,2013-08,-34.332,148.28,0,2.6,ml,,,,0.27,us,usb000jd13,2013-11-06T01:33:32.000Z,2km SW of Young, Australia,earthquake,,8.2,,,reviewed,us_aust,us_aust
2013-08-24T20:27:48.000Z,2013-08-24,2013,08,2013-08,-34.307,148.333,3,2.5,ml,,,,0.96,us,usb000jbkv,2013-10-25T20:10:00.000Z,3km ENE of Young, Australia,earthquake,,8.3,,,reviewed,us_aust,us_aust
2013-07-18T11:39:11.780Z,2013-07-18,2013,07,2013-07,-19.777,133.953,10,4.4,mb,24,64,,1.16,us,usp000k24e,2014-11-07T01:51:17.877Z,Northern Territory, Australia,earthquake,,2.9,,10,reviewed,us,us
2013-06-22T11:57:48.000Z,2013-06-22,2013,06,2013-06,-36.725,146.146,11,3.2,ml,5,100,,,us,us2013rta9,2014-11-07T01:51:06.744Z,24km SE of Benalla, Australia,earthquake,,,,,reviewed,aust,aust
2013-06-09T14:22:15.000Z,2013-06-09,2013,06,2013-06,-26.11,131.994,0,5.3,mww,446,21.6,,,us,usc000hjry,2017-10-11T20:34:30.801Z,Northern Territory, Australia,earthquake,,,,,reviewed,aust,us
2013-05-01T16:41:49.000Z,2013-05-01,2013,05,2013-05,-38.113,144.483,10,3.1,ml,11,145.1,,,us,us2013praw,2014-11-07T01:50:42.803Z,7km N of Leopold, Australia,earthquake,,,,,reviewed,aust,aust
2012-06-22T09:16:04.000Z,2012-06-22,2012,06,2012-06,-34.229,148.713,10,3.8,ml,7,134.1,,,us,usp000jn39,2015-03-24T02:09:01.414Z,New South Wales, Australia,earthquake,,,,,reviewed,aust,aust
2012-06-08T11:32:39.000Z,2012-06-08,2012,06,2012-06,-30.748,150.4,0,4.1,ml,7,159.2,,,us,usp000jmh7,2014-11-07T01:48:02.047Z,New South Wales, Australia,earthquake,,,,,reviewed,aust,aust
2012-06-08T11:31:00.000Z,2012-06-08,2012,06,2012-06,-30.759,150.413,0,4,mwr,27,78.6,,,us,usp000jmh6,2016-01-04T23:29:31.572Z,New South Wales, Australia,earthquake,,,,,reviewed,aust,us
2012-04-19T19:09:16.000Z,2012-04-19,2012,04,2012-04,-35.231,148.603,4,3.7,ml,17,60.8,,,us,usp000jj8f,2015-03-24T01:28:34.849Z,New South Wales, Australia,earthquake,,,,,reviewed,aust,aust
2011-09-17T16:28:29.000Z,2011-09-17,2011,09,2011-09,-20.214,147.614,5,4.3,mb,16,151.1,,,us,usp000j86z,2015-03-24T02:02:45.228Z,Queensland, Australia,earthquake,,,,3,reviewed,aust,us
2011-04-16T07:06:52.000Z,2011-04-16,2011,04,2011-04,-20.17,147.679,0,4,mb,19,153.5,,,us,usp000j02d,2015-03-24T01:16:38.384Z,Queensland, Australia,earthquake,,,,2,reviewed,aust,us
2011-04-16T05:31:18.000Z,2011-04-16,2011,04,2011-04,-20.085,147.764,7,5,mwr,127,24.2,,,us,usp000j026,2020-09-21T17:28:56.296Z,Queensland, Australia,earthquake,,,,,reviewed,aust,us
2011-03-15T06:07:59.000Z,2011-03-15,2011,03,2011-03,-17.327,146.253,0,3.6,ml,9,145,,,us,usp000hxab,2014-11-07T01:44:09.372Z,Queensland, Australia,earthquake,,,,,reviewed,aust,aust
2011-02-21T21:59:36.000Z,2011-02-21,2011,02,2011-02,-20.903,135.419,0.6,4,mwr,65,50.9,,,us,usp000huvh,2014-11-07T01:43:41.999Z,Northern Territory, Australia,earthquake,,,,,reviewed,aust,us
2010-09-29T09:09:25.000Z,2010-09-29,2010,09,2010-09,-29.568,143.752,0,4.2,mb,15,44.9,,,us,usp000hmb3,2014-11-07T01:42:31.701Z,New South Wales, Australia,earthquake,,,,1,reviewed,aust,us
2010-05-26T10:09:20.000Z,2010-05-26,2010,05,2010-05,-36.364,144.796,10,3,ml,5,129.5,,,us,usp000hd6m,2014-11-07T01:41:33.117Z,Victoria, Australia,earthquake,,,,,reviewed,aust,aust
2008-06-09T01:37:29.000Z,2008-06-09,2008,06,2008-06,-30.167,146.881,10,3.7,ml,5,145.7,,,us,usp000g8yy,2014-11-07T01:36:16.732Z,New South Wales, Australia,earthquake,,,,,reviewed,aust,aust
2008-04-30T21:11:10.000Z,2008-04-30,2008,04,2008-04,-30.215,141.62,0,3.6,ml,4,215.2,,,us,usp000g575,2014-11-07T01:35:45.459Z,New South Wales, Australia,earthquake,,,,,reviewed,aust,aust
2008-03-18T01:02:32.000Z,2008-03-18,2008,03,2008-03,-32.519,148.433,11,3.7,ml,4,138.9,,,us,usp000g1qa,2014-11-07T01:35:16.380Z,New South Wales, Australia,earthquake,,,,,reviewed,aust,aust
2008-02-13T21:57:27.000Z,2008-02-13,2008,02,2008-02,-27.551,146.651,0,4.2,ml,8,99.9,,,us,usp000fyut,2014-11-07T01:34:56.753Z,Queensland, Australia,earthquake,,,,,reviewed,aust,aust
2008-02-06T06:46:47.000Z,2008-02-06,2008,02,2008-02,-13.402,129.644,7,4.2,mb,10,206.3,,,us,usp000fy9p,2014-11-07T01:34:54.332Z,Northern Territory, Australia,earthquake,,,,1,reviewed,aust,us
2007-12-09T08:31:47.000Z,2007-12-09,2007,12,2007-12,-36.518,143.648,8,2.7,ml,5,133.6,,,us,usp000fu3t,2014-11-07T01:34:22.704Z,Victoria, Australia,earthquake,,,,,reviewed,aust,aust
2007-12-01T20:58:28.000Z,2007-12-01,2007,12,2007-12,-22.291,129.657,10,3.4,ml,8,77.4,,,us,usp000ftph,2014-11-07T01:34:19.683Z,Northern Territory, Australia,earthquake,,,,,reviewed,aust,aust
2007-11-19T20:01:01.000Z,2007-11-19,2007,11,2007-11,-12.336,143.735,24,4.8,mb,21,143.7,,,us,usp000fsx4,2014-11-07T01:34:12.182Z,Queensland, Australia,earthquake,,,,3,reviewed,aust,us
2007-11-05T06:36:28.000Z,2007-11-05,2007,11,2007-11,-22.043,129.501,1,3.2,ml,14,79.8,,,us,usp000fs09,2014-11-07T01:34:07.360Z,Northern Territory, Australia,earthquake,,,,,reviewed,aust,aust
2007-10-29T18:44:42.000Z,2007-10-29,2007,10,2007-10,-19.609,134.023,9,3.1,ml,4,170.3,,,us,usp000frj4,2014-11-07T01:34:01.045Z,Northern Territory, Australia,earthquake,,,,,reviewed,aust,aust
2007-10-24T01:01:59.000Z,2007-10-24,2007,10,2007-10,-19.645,133.854,10,3.1,ml,4,207.3,,,us,usp000fr4r,2014-11-07T01:33:58.780Z,Northern Territory, Australia,earthquake,,,,,reviewed,aust,aust
2007-09-14T17:45:51.000Z,2007-09-14,2007,09,2007-09,-19.883,134.091,19,2.7,ml,6,150.1,,,us,usp000fn8z,2014-11-07T01:33:35.214Z,Northern Territory, Australia,earthquake,,,,,reviewed,aust,aust
2007-09-14T09:06:56.000Z,2007-09-14,2007,09,2007-09,-29.85,148.631,10,3.4,ml,9,121.8,,,us,usp000fn7z,2014-11-07T01:33:35.101Z,New South Wales, Australia,earthquake,,,,,reviewed,aust,aust
2007-09-13T08:29:35.000Z,2007-09-13,2007,09,2007-09,-19.746,133.875,10,3.1,ml,8,114,,,us,usp000fn45,2014-11-07T01:33:34.327Z,Northern Territory, Australia,earthquake,,,,,reviewed,aust,aust
2007-09-10T03:20:40.000Z,2007-09-10,2007,09,2007-09,-15.344,130.369,9,2.9,ml,4,142,,,us,usp000fmtn,2014-11-07T01:33:32.372Z,Northern Territory, Australia,earthquake,,,,,reviewed,aust,aust
2007-08-31T19:04:42.000Z,2007-08-31,2007,08,2007-08,-19.797,133.898,10,2.6,ml,5,172,,,us,usp000fm3a,2014-11-07T01:33:25.040Z,Northern Territory, Australia,earthquake,,,,,reviewed,aust,aust
2007-08-25T06:06:52.000Z,2007-08-25,2007,08,2007-08,-26.495,151.432,4,3.9,ml,12,193.3,,,us,usp000fkn9,2014-11-07T01:33:22.659Z,Queensland, Australia,earthquake,,,,,reviewed,aust,aust
2007-08-24T13:47:32.000Z,2007-08-24,2007,08,2007-08,-32.352,148.571,0,2.8,ml,9,184.9,,,us,usp000fkkj,2014-11-07T01:33:22.499Z,New South Wales, Australia,earthquake,,,,,reviewed,aust,aust
2007-06-22T08:40:35.000Z,2007-06-22,2007,06,2007-06,-19.719,133.925,8,2.5,ml,6,161.1,,,us,usp000feja,2014-11-07T01:32:44.816Z,Northern Territory, Australia,earthquake,,,,,reviewed,aust,aust
2007-06-11T21:37:31.000Z,2007-06-11,2007,06,2007-06,-19.852,133.944,15,2.9,ml,6,177.8,,,us,usp000fduq,2014-11-07T01:32:41.247Z,Northern Territory, Australia,earthquake,,,,,reviewed,aust,aust
2007-06-10T20:02:28.000Z,2007-06-10,2007,06,2007-06,-36.643,146.813,3,2.6,ml,6,125.3,,,us,usp000fdsm,2014-11-07T01:32:40.958Z,Victoria, Australia,earthquake,,,,,reviewed,aust,aust
2007-05-22T19:30:49.000Z,2007-05-22,2007,05,2007-05,-29.776,142.048,10,3.9,mb,15,56.7,,,us,usp000fch3,2014-11-07T01:32:30.796Z,New South Wales, Australia,earthquake,,,,2,reviewed,aust,us
2007-04-29T06:04:24.000Z,2007-04-29,2007,04,2007-04,-34.895,148.525,1,2.6,ml,5,157,,,us,usp000fauz,2014-11-07T01:32:18.264Z,New South Wales, Australia,earthquake,,,,,reviewed,aust,aust
2007-04-07T11:54:03.000Z,2007-04-07,2007,04,2007-04,-19.77,133.925,10,2.6,ml,6,167.3,,,us,usp000f8zk,2014-11-07T01:32:08.396Z,Northern Territory, Australia,earthquake,,,,,reviewed,aust,aust
2007-03-02T10:19:18.000Z,2007-03-02,2007,03,2007-03,-23.519,136.696,0,3.6,ml,20,54.4,,,us,usp000f5xx,2014-11-07T01:31:47.499Z,Northern Territory, Australia,earthquake,,,,,reviewed,aust,aust
2007-02-04T01:07:09.000Z,2007-02-04,2007,02,2007-02,-19.782,133.914,5,2.7,ml,4,169.4,,,us,usp000f483,2014-11-07T01:31:33.969Z,Northern Territory, Australia,earthquake,,,,,reviewed,aust,aust
2006-12-24T23:22:57.000Z,2006-12-24,2006,12,2006-12,-19.877,133.725,10,3.8,ml,14,92.3,,,us,usp000f0xs,2014-11-07T01:31:11.276Z,Northern Territory, Australia,earthquake,,,,,reviewed,aust,aust
2006-11-22T13:22:50.000Z,2006-11-22,2006,11,2006-11,-19.873,134.035,6,2.5,ml,6,111,,,us,usp000eyj3,2014-11-07T01:30:55.750Z,Northern Territory, Australia,earthquake,,,,,reviewed,aust,aust
2006-10-21T09:51:49.000Z,2006-10-21,2006,10,2006-10,-34.036,149.16,15,4.2,ml,20,89.1,,,us,usp000evps,2014-11-07T01:30:36.677Z,New South Wales, Australia,earthquake,,,,,reviewed,aust,aust
2006-10-11T19:01:26.000Z,2006-10-11,2006,10,2006-10,-19.825,134.055,13,2.6,ml,7,98.7,,,us,usp000euyj,2014-11-07T01:30:32.670Z,Northern Territory, Australia,earthquake,,,,,reviewed,aust,aust
2006-10-11T01:45:50.000Z,2006-10-11,2006,10,2006-10,-19.703,133.962,13,3.2,ml,5,112.5,,,us,usp000eux5,2014-11-07T01:30:32.183Z,Northern Territory, Australia,earthquake,,,,,reviewed,aust,aust
2006-08-29T00:37:34.000Z,2006-08-29,2006,08,2006-08,-19.711,133.958,16,3,ml,5,179.9,,,us,usp000erzq,2014-11-07T01:30:02.955Z,Northern Territory, Australia,earthquake,,,,,reviewed,aust,aust
2006-08-13T13:30:04.000Z,2006-08-13,2006,08,2006-08,-34.807,149.144,3,3.3,ml,9,100.3,,,us,usp000eqvf,2014-11-07T01:29:57.635Z,New South Wales, Australia,earthquake,,,,,reviewed,aust,aust
2006-07-28T05:49:23.000Z,2006-07-28,2006,07,2006-07,-18.1,147.72,10,3.9,ml,4,306.2,,,us,usp000epr3,2014-11-07T01:29:47.810Z,Queensland, Australia,earthquake,,,,,reviewed,aust,aust
2006-07-18T11:04:10.000Z,2006-07-18,2006,07,2006-07,-13.906,133.102,0,2.5,ml,5,198.7,,,us,usp000enzs,2014-11-07T01:29:42.685Z,Northern Territory, Australia,earthquake,,,,,reviewed,aust,aust
2006-07-02T23:19:51.000Z,2006-07-02,2006,07,2006-07,-32.348,150.867,12,2.8,ml,5,152.8,,,us,usp000emtb,2014-11-07T01:29:34.594Z,New South Wales, Australia,earthquake,,,,,reviewed,aust,aust
2006-06-30T12:34:49.000Z,2006-06-30,2006,06,2006-06,-34.021,148.744,10,2.7,ml,5,115.3,,,us,usp000emmx,2014-11-07T01:29:30.340Z,New South Wales, Australia,earthquake,,,,,reviewed,aust,aust
2006-06-17T20:41:51.000Z,2006-06-17,2006,06,2006-06,-21.248,132.479,0,2.8,ml,7,143.2,,,us,usp000ekn9,2014-11-07T01:29:23.624Z,Northern Territory, Australia,earthquake,,,,,reviewed,aust,aust
2006-06-15T18:01:30.000Z,2006-06-15,2006,06,2006-06,-27.984,146.996,0,3,ml,9,104.9,,,us,usp000ekf4,2014-11-07T01:29:22.824Z,Queensland, Australia,earthquake,,,,,reviewed,aust,aust
2006-06-15T15:20:01.000Z,2006-06-15,2006,06,2006-06,-23.003,131.777,0,2.8,ml,8,141.4,,,us,usp000ekeu,2014-11-07T01:29:22.781Z,Northern Territory, Australia,earthquake,,,,,reviewed,aust,aust
2006-05-24T23:02:47.000Z,2006-05-24,2006,05,2006-05,-22.916,130.059,10,2.6,ml,4,175.7,,,us,usp000ehw0,2014-11-07T01:29:10.695Z,Northern Territory, Australia,earthquake,,,,,reviewed,aust,aust
2006-05-24T21:34:30.000Z,2006-05-24,2006,05,2006-05,-23.012,130.035,0,3.9,ml,18,94.4,,,us,usp000ehvr,2014-11-07T01:29:10.662Z,Northern Territory, Australia,earthquake,,,,,reviewed,aust,aust
2006-04-21T08:11:50.000Z,2006-04-21,2006,04,2006-04,-34.811,149.144,5,3.1,ml,6,113,,,us,usp000ef57,2014-11-07T01:28:53.354Z,New South Wales, Australia,earthquake,,,,,reviewed,aust,aust
2006-04-01T01:09:18.000Z,2006-04-01,2006,04,2006-04,-25.992,130.985,11,4.8,mb,19,56.7,,,us,usp000edcs,2014-11-07T01:28:39.611Z,Northern Territory, Australia,earthquake,,,,2,reviewed,aust,us
2006-03-02T06:17:47.000Z,2006-03-02,2006,03,2006-03,-34.799,149.176,3,3.4,ml,9,103.4,,,us,usp000eb5g,2014-11-07T01:28:26.186Z,New South Wales, Australia,earthquake,,,,,reviewed,aust,aust
2006-02-28T05:13:12.000Z,2006-02-28,2006,02,2006-02,-36.813,147.126,6,2.9,ml,5,140.4,,,us,usp000eb13,2014-11-07T01:28:22.813Z,Victoria, Australia,earthquake,,,,,reviewed,aust,aust
2006-02-27T09:27:04.000Z,2006-02-27,2006,02,2006-02,-19.803,134.013,7,2.8,ml,4,191.6,,,us,usp000eazh,2014-11-07T01:28:22.655Z,Northern Territory, Australia,earthquake,,,,,reviewed,aust,aust
2005-12-28T20:54:52.000Z,2005-12-28,2005,12,2005-12,-28.191,147.894,0,3.6,ml,14,79,,,us,usp000e743,2014-11-07T01:27:57.894Z,Queensland, Australia,earthquake,,,,,reviewed,aust,aust
2005-11-28T04:57:43.000Z,2005-11-28,2005,11,2005-11,-20.074,133.86,14,3.4,ml,15,106.4,,,us,usp000e52e,2014-11-07T01:27:44.674Z,Northern Territory, Australia,earthquake,,,,,reviewed,aust,aust
2005-10-04T09:23:32.000Z,2005-10-04,2005,10,2005-10,-19.722,134.015,11,3.2,ml,4,173.8,,,us,usp000e0vg,2014-11-07T01:27:16.946Z,Northern Territory, Australia,earthquake,,,,,reviewed,aust,aust
2005-10-02T17:50:08.000Z,2005-10-02,2005,10,2005-10,-30.034,150.726,0,2.5,ml,5,143.1,,,us,usp000e0rk,2014-11-07T01:27:15.856Z,New South Wales, Australia,earthquake,,,,,reviewed,aust,aust
2005-09-14T05:12:21.000Z,2005-09-14,2005,09,2005-09,-19.844,134.046,5,4.9,mb,32,70.6,,,us,usp000dze1,2020-09-18T20:40:37.464Z,Northern Territory, Australia,earthquake,,,,4,reviewed,aust,us
2005-09-09T04:01:08.000Z,2005-09-09,2005,09,2005-09,-30.328,142.166,0,3.3,ml,5,229.6,,,us,usp000dz24,2014-11-07T01:27:02.325Z,New South Wales, Australia,earthquake,,,,,reviewed,aust,aust
2005-09-03T23:05:06.000Z,2005-09-03,2005,09,2005-09,-34.401,148.654,4,3.5,ml,8,102.4,,,us,usp000dyqb,2014-11-07T01:27:00.115Z,New South Wales, Australia,earthquake,,,,,reviewed,aust,aust
2005-08-03T05:02:13.000Z,2005-08-03,2005,08,2005-08,-19.905,133.875,0,3.8,ml,6,183.7,,,us,usp000dwj0,2014-11-07T01:26:42.844Z,Northern Territory, Australia,earthquake,,,,,reviewed,aust,aust
2005-07-30T16:56:09.000Z,2005-07-30,2005,07,2005-07,-28.544,148.576,0,2.8,ml,6,93.4,,,us,usp000dwaj,2014-11-07T01:26:36.534Z,Queensland, Australia,earthquake,,,,,reviewed,aust,aust
2005-07-11T20:19:58.000Z,2005-07-11,2005,07,2005-07,-31.253,144.777,9,3,ml,4,118.5,,,us,usp000dv0t,2014-11-07T01:26:28.691Z,New South Wales, Australia,earthquake,,,,,reviewed,aust,aust
2005-04-26T11:29:44.000Z,2005-04-26,2005,04,2005-04,-19.844,134.001,11,2.6,ml,6,117.6,,,us,usp000dp9p,2014-11-07T01:25:41.387Z,Northern Territory, Australia,earthquake,,,,,reviewed,aust,aust
2005-04-14T13:16:26.000Z,2005-04-14,2005,04,2005-04,-28.55,149.272,0,3.2,ml,5,105.4,,,us,usp000dnb3,2014-11-07T01:25:35.620Z,Queensland, Australia,earthquake,,,,,reviewed,aust,aust
2005-03-08T05:00:12.000Z,2005-03-08,2005,03,2005-03,-34.328,148.427,2,2.5,ml,5,149.3,,,us,usp000dhsu,2014-11-07T01:25:12.491Z,New South Wales, Australia,earthquake,,,,,reviewed,aust,aust
2005-03-07T16:22:36.000Z,2005-03-07,2005,03,2005-03,-26.469,151.482,5,3.6,ml,7,196.5,,,us,usp000dhrk,2014-11-07T01:25:12.267Z,Queensland, Australia,earthquake,,,,,reviewed,aust,aust
2005-02-20T09:16:27.000Z,2005-02-20,2005,02,2005-02,-34.013,148.683,12,2.9,ml,5,115.5,,,us,usp000dgjm,2014-11-07T01:25:01.531Z,New South Wales, Australia,earthquake,,,,,reviewed,aust,aust
2005-02-12T16:25:27.000Z,2005-02-12,2005,02,2005-02,-19.742,133.898,0,3.1,ml,9,105.6,,,us,usp000dfzw,2014-11-07T01:24:58.985Z,Northern Territory, Australia,earthquake,,,,,reviewed,aust,aust
2005-02-12T16:25:01.000Z,2005-02-12,2005,02,2005-02,-19.723,133.936,6,2.6,ml,8,112,,,us,usp000dfzv,2014-11-07T01:24:58.984Z,Northern Territory, Australia,earthquake,,,,,reviewed,aust,aust
2005-02-12T14:49:19.000Z,2005-02-12,2005,02,2005-02,-19.762,133.932,0,2.7,ml,4,167.5,,,us,usp000dfzt,2014-11-07T01:24:58.980Z,Northern Territory, Australia,earthquake,,,,,reviewed,aust,aust
2005-02-12T00:23:06.000Z,2005-02-12,2005,02,2005-02,-19.817,133.994,10,2.7,ml,6,111.4,,,us,usp000dfyh,2014-11-07T01:24:58.818Z,Northern Territory, Australia,earthquake,,,,,reviewed,aust,aust
2005-01-20T09:46:10.000Z,2005-01-20,2005,01,2005-01,-36.311,146.146,19,3.3,ml,5,132.3,,,us,usp000ddux,2014-11-07T01:24:42.163Z,Victoria, Australia,earthquake,,,,,reviewed,aust,aust
2005-01-18T10:09:12.000Z,2005-01-18,2005,01,2005-01,-33.845,147.191,13,3.7,ml,6,109.3,,,us,usp000ddp3,2014-11-07T01:24:41.165Z,New South Wales, Australia,earthquake,,,,,reviewed,aust,aust
2005-01-08T04:37:19.000Z,2005-01-08,2005,01,2005-01,-19.796,134.009,5,2.5,ml,5,125.7,,,us,usp000dcs4,2014-11-07T01:24:35.617Z,Northern Territory, Australia,earthquake,,,,,reviewed,aust,aust
2005-01-02T01:56:43.000Z,2005-01-02,2005,01,2005-01,-35.388,148.65,10,2.9,ml,6,145.4,,,us,usp000dcd7,2014-11-07T01:24:31.996Z,New South Wales, Australia,earthquake,,,,,reviewed,aust,aust
2004-12-11T01:32:30.000Z,2004-12-11,2004,12,2004-12,-19.836,134.032,0,3.1,ml,4,122.2,,,us,usp000daev,2014-11-07T01:24:15.717Z,Northern Territory, Australia,earthquake,,,,,reviewed,aust,aust
2004-11-24T08:31:09.000Z,2004-11-24,2004,11,2004-11,-19.878,134.137,2,2.9,ml,5,111.8,,,us,usp000d938,2014-11-07T01:24:04.691Z,Northern Territory, Australia,earthquake,,,,,reviewed,aust,aust
2004-11-22T08:25:37.000Z,2004-11-22,2004,11,2004-11,-34.052,149.239,16,3.3,ml,7,113.2,,,us,usp000d8yf,2014-11-07T01:24:04.072Z,New South Wales, Australia,earthquake,,,,,reviewed,aust,aust
2004-09-26T15:52:00.000Z,2004-09-26,2004,09,2004-09,-16.683,129.154,13,2.7,ml,6,98.6,,,us,usp000d53m,2014-11-07T01:23:33.725Z,Northern Territory, Australia,earthquake,,,,,reviewed,aust,aust
2004-09-25T23:09:25.000Z,2004-09-25,2004,09,2004-09,-15.095,129.671,10,2.8,ml,6,175.3,,,us,usp000d522,2014-11-07T01:23:33.564Z,Northern Territory, Australia,earthquake,,,,,reviewed,aust,aust
2004-09-25T15:10:42.000Z,2004-09-25,2004,09,2004-09,-16.776,129.152,10,4,ml,15,92,,,us,usp000d51e,2014-11-07T01:23:33.455Z,Northern Territory, Australia,earthquake,,,,,reviewed,aust,aust
2004-09-21T11:54:00.000Z,2004-09-21,2004,09,2004-09,-34.685,148.582,5,2.8,ml,5,164.4,,,us,usp000d4sr,2014-11-07T01:23:32.169Z,New South Wales, Australia,earthquake,,,,,reviewed,aust,aust
2004-07-15T05:54:45.000Z,2004-07-15,2004,07,2004-07,-19.708,133.965,10,3.4,ml,4,135.2,,,us,usp000d06x,2014-11-07T01:22:54.111Z,Northern Territory, Australia,earthquake,,,,,reviewed,aust,aust
2004-07-04T05:06:07.000Z,2004-07-04,2004,07,2004-07,-19.83,133.9,4,3.2,ml,14,115.4,,,us,usp000czhb,2014-11-07T01:22:50.078Z,Northern Territory, Australia,earthquake,,,,,reviewed,aust,aust
2004-06-23T12:22:22.000Z,2004-06-23,2004,06,2004-06,-19.74,134.054,4,3.3,ml,12,112.8,,,us,usp000cyk6,2014-11-07T01:22:40.741Z,Northern Territory, Australia,earthquake,,,,,reviewed,aust,aust
2004-05-24T21:55:49.000Z,2004-05-24,2004,05,2004-05,-19.835,134.063,0,3.6,ml,5,122.9,,,us,usp000cw42,2014-11-07T01:22:23.811Z,Northern Territory, Australia,earthquake,,,,,reviewed,aust,aust
2004-05-21T21:53:39.000Z,2004-05-21,2004,05,2004-05,-19.728,133.974,5,3.5,ml,5,132.5,,,us,usp000cvu3,2014-11-07T01:22:22.442Z,Northern Territory, Australia,earthquake,,,,,reviewed,aust,aust
2004-05-05T10:16:26.000Z,2004-05-05,2004,05,2004-05,-25.689,131.045,5,3.1,ml,7,199.2,,,us,usp000cu7e,2014-11-07T01:22:14.876Z,Northern Territory, Australia,earthquake,,,,,reviewed,aust,aust
2004-05-05T10:08:30.000Z,2004-05-05,2004,05,2004-05,-25.697,130.941,5,3.5,ml,8,200.1,,,us,usp000cu7c,2014-11-07T01:22:14.872Z,Northern Territory, Australia,earthquake,,,,,reviewed,aust,aust
2004-04-06T18:07:48.000Z,2004-04-06,2004,04,2004-04,-19.875,134.057,2,3.1,ml,6,114.7,,,us,usp000crv8,2014-11-07T01:21:55.394Z,Northern Territory, Australia,earthquake,,,,,reviewed,aust,aust
2004-03-24T10:10:45.000Z,2004-03-24,2004,03,2004-03,-29.074,144.084,0,2.7,ml,7,142.8,,,us,usp000cqsa,2014-11-07T01:21:46.605Z,New South Wales, Australia,earthquake,,,,,reviewed,aust,aust
2004-03-13T19:28:21.000Z,2004-03-13,2004,03,2004-03,-19.585,133.899,0,2.8,ml,5,142.1,,,us,usp000cpva,2014-11-07T01:21:41.754Z,Northern Territory, Australia,earthquake,,,,,reviewed,aust,aust
2004-02-28T11:32:09.000Z,2004-02-28,2004,02,2004-02,-34.996,147.675,12,3.9,ml,10,67,,,us,usp000cnmk,2014-11-07T01:21:31.992Z,New South Wales, Australia,earthquake,,,,,reviewed,aust,aust
2004-02-21T23:55:34.000Z,2004-02-21,2004,02,2004-02,-26.416,151.38,0,3.7,ml,7,191.4,,,us,usp000cmsd,2014-11-07T01:21:23.982Z,Queensland, Australia,earthquake,,,,,reviewed,aust,aust
2004-02-20T02:08:13.000Z,2004-02-20,2004,02,2004-02,-19.721,134.009,9,2.8,ml,5,136.1,,,us,usp000cmmn,2014-11-07T01:21:22.970Z,Northern Territory, Australia,earthquake,,,,,reviewed,aust,aust
2004-02-11T09:30:39.000Z,2004-02-11,2004,02,2004-02,-22.68,129.823,13,4.9,mwc,37,41.2,,,us,usp000ckz6,2016-11-10T00:25:55.994Z,Northern Territory, Australia,earthquake,,,,,reviewed,aust,hrv
2004-02-11T09:17:58.000Z,2004-02-11,2004,02,2004-02,-22.738,129.871,13,4.6,mb,33,43.1,,,us,usp000ckz2,2014-11-07T01:21:20.391Z,Northern Territory, Australia,earthquake,,,,8,reviewed,aust,us
2004-01-23T09:28:38.000Z,2004-01-23,2004,01,2004-01,-22.297,132.786,10,3.2,ml,7,135.4,,,us,usp000cjgj,2014-11-07T01:21:07.059Z,Northern Territory, Australia,earthquake,,,,,reviewed,aust,aust
2003-12-29T13:31:06.000Z,2003-12-29,2003,12,2003-12,-35.413,144.531,11,3.6,ml,9,76.8,,,us,usp000cgfk,2014-11-07T01:20:51.291Z,New South Wales, Australia,earthquake,,,,,reviewed,aust,aust
2003-12-18T07:31:50.000Z,2003-12-18,2003,12,2003-12,-29.041,144.131,10,3.2,ml,6,96.2,,,us,usp000cffy,2014-11-07T01:20:46.634Z,New South Wales, Australia,earthquake,,,,,reviewed,aust,aust
2003-12-01T03:29:48.000Z,2003-12-01,2003,12,2003-12,-19.98,134.041,5,3,ml,7,99.8,,,us,usp000ce8t,2014-11-07T01:20:38.162Z,Northern Territory, Australia,earthquake,,,,,reviewed,aust,aust
2003-11-26T04:39:53.000Z,2003-11-26,2003,11,2003-11,-34.773,149.247,0,3,ml,6,121.8,,,us,usp000cdwv,2014-11-07T01:20:33.617Z,New South Wales, Australia,earthquake,,,,,reviewed,aust,aust
2003-11-25T17:35:24.000Z,2003-11-25,2003,11,2003-11,-34.726,149.283,1,2.6,ml,6,117.4,,,us,usp000cdvt,2014-11-07T01:20:33.452Z,New South Wales, Australia,earthquake,,,,,reviewed,aust,aust
2003-09-26T01:24:13.000Z,2003-09-26,2003,09,2003-09,-36.663,148.048,6,3,ml,6,131.2,,,us,usp000c8n3,2014-11-07T01:19:56.856Z,New South Wales, Australia,earthquake,,,,,reviewed,aust,aust
2003-09-21T19:09:11.000Z,2003-09-21,2003,09,2003-09,-22.807,130.274,0,3,ml,10,113.5,,,us,usp000c87w,2014-11-07T01:19:54.001Z,Northern Territory, Australia,earthquake,,,,,reviewed,aust,aust
2003-09-21T00:01:01.000Z,2003-09-21,2003,09,2003-09,-19.906,134.012,13,3,ml,5,146.2,,,us,usp000c84q,2014-11-07T01:19:53.496Z,Northern Territory, Australia,earthquake,,,,,reviewed,aust,aust
2003-09-16T16:16:15.000Z,2003-09-16,2003,09,2003-09,-22.676,130.389,0,3.2,ml,7,179.7,,,us,usp000c7qu,2014-11-07T01:19:50.169Z,Northern Territory, Australia,earthquake,,,,,reviewed,aust,aust
2003-09-15T21:23:58.000Z,2003-09-15,2003,09,2003-09,-19.589,133.931,16,2.7,ml,5,167.3,,,us,usp000c7nm,2014-11-07T01:19:49.849Z,Northern Territory, Australia,earthquake,,,,,reviewed,aust,aust
2003-08-24T09:19:13.000Z,2003-08-24,2003,08,2003-08,-19.805,133.893,4,2.7,ml,5,118.3,,,us,usp000c5th,2014-11-07T01:19:34.983Z,Northern Territory, Australia,earthquake,,,,,reviewed,aust,aust
2003-08-19T13:32:58.000Z,2003-08-19,2003,08,2003-08,-19.87,134.004,10,2.6,ml,5,166.1,,,us,usp000c5c0,2014-11-07T01:19:33.019Z,Northern Territory, Australia,earthquake,,,,,reviewed,aust,aust
2003-08-11T07:04:30.000Z,2003-08-11,2003,08,2003-08,-18.436,147.114,5,4.8,mb,20,191.1,,,us,usp000c4mj,2014-11-07T01:19:30.000Z,Queensland, Australia,earthquake,,,,3,reviewed,aust,us
2003-08-07T05:10:31.000Z,2003-08-07,2003,08,2003-08,-23.343,129.882,0,3.2,ml,7,190.1,,,us,usp000c4av,2014-11-07T01:19:28.441Z,Northern Territory, Australia,earthquake,,,,,reviewed,aust,aust
2003-07-27T22:50:44.000Z,2003-07-27,2003,07,2003-07,-34.224,149.751,6,3.1,ml,7,117.8,,,us,usp000c3hz,2014-11-07T01:19:19.055Z,New South Wales, Australia,earthquake,,,,,reviewed,aust,aust
2003-07-15T14:14:19.000Z,2003-07-15,2003,07,2003-07,-34.036,148.87,0,2.8,ml,7,81.7,,,us,usp000c2jn,2014-11-07T01:19:12.728Z,New South Wales, Australia,earthquake,,,,,reviewed,aust,aust
2003-07-11T08:18:35.000Z,2003-07-11,2003,07,2003-07,-34.611,147.859,1,3.3,ml,9,86.4,,,us,usp000c270,2014-11-07T01:19:11.209Z,New South Wales, Australia,earthquake,,,,,reviewed,aust,aust
2003-07-11T03:02:19.000Z,2003-07-11,2003,07,2003-07,-34.606,147.865,3,2.5,ml,4,202.9,,,us,usp000c26c,2014-11-07T01:19:11.166Z,New South Wales, Australia,earthquake,,,,,reviewed,aust,aust
2003-07-03T12:25:58.000Z,2003-07-03,2003,07,2003-07,-36.354,148.771,7,2.7,ml,3,140.9,,,us,usp000c1jb,2014-11-07T01:19:07.238Z,New South Wales, Australia,earthquake,,,,,reviewed,aust,aust
2003-06-21T15:51:11.000Z,2003-06-21,2003,06,2003-06,-21.144,132.588,0,3.2,ml,9,139.2,,,us,usp000c0gu,2014-11-07T01:18:58.385Z,Northern Territory, Australia,earthquake,,,,,reviewed,aust,aust
2003-05-28T12:50:20.000Z,2003-05-28,2003,05,2003-05,-34.405,148.252,2,2.6,ml,7,86.1,,,us,usp000byd0,2014-11-07T01:18:43.958Z,New South Wales, Australia,earthquake,,,,,reviewed,aust,aust
2003-05-17T06:51:35.000Z,2003-05-17,2003,05,2003-05,-36.208,148.416,2,3,ml,9,100.8,,,us,usp000bxcv,2014-11-07T01:18:37.534Z,New South Wales, Australia,earthquake,,,,,reviewed,aust,aust
2003-05-09T06:38:46.000Z,2003-05-09,2003,05,2003-05,-36.927,145.799,12,2.6,ml,6,107.1,,,us,usp000bww9,2014-11-07T01:18:35.745Z,Victoria, Australia,earthquake,,,,,reviewed,aust,aust
2003-04-29T01:25:33.000Z,2003-04-29,2003,04,2003-04,-19.709,133.916,5,3,ml,6,112,,,us,usp000bw5z,2014-11-07T01:18:27.044Z,Northern Territory, Australia,earthquake,,,,,reviewed,aust,aust
2003-04-15T16:45:25.000Z,2003-04-15,2003,04,2003-04,-19.707,133.945,20,2.7,ml,4,112.3,,,us,usp000bv8g,2014-11-07T01:18:20.965Z,Northern Territory, Australia,earthquake,,,,,reviewed,aust,aust
2003-04-05T19:19:33.000Z,2003-04-05,2003,04,2003-04,-19.66,134.149,10,2.5,ml,8,114.7,,,us,usp000buff,2014-11-07T01:18:17.791Z,Northern Territory, Australia,earthquake,,,,,reviewed,aust,aust
2003-03-10T12:28:15.000Z,2003-03-10,2003,03,2003-03,-35.083,143.897,8,3.1,ml,8,71.1,,,us,usp000bsbb,2014-11-07T01:18:02.853Z,Victoria, Australia,earthquake,,,,,reviewed,aust,aust
2003-03-10T10:06:13.000Z,2003-03-10,2003,03,2003-03,-19.858,134.007,3,3,ml,6,111,,,us,usp000bsb8,2014-11-07T01:18:02.847Z,Northern Territory, Australia,earthquake,,,,,reviewed,aust,aust
2003-01-25T03:03:28.210Z,2003-01-25,2003,01,2003-01,-35.931,146.896,10,3.2,ml,7,,,0.57,us,usp000bp4v,2014-11-07T01:17:38.069Z,New South Wales, Australia,earthquake,,,,,reviewed,us,aust
2003-01-23T10:47:15.340Z,2003-01-23,2003,01,2003-01,-23.053,129.999,10,2.7,ml,6,,,1.58,us,usp000bp1u,2014-11-07T01:17:37.435Z,Northern Territory, Australia,earthquake,,,,,reviewed,us,aust
2003-01-16T19:02:03.170Z,2003-01-16,2003,01,2003-01,-25.897,137.611,10,2.9,ml,6,,,1.25,us,usp000bnnq,2014-11-07T01:17:35.886Z,Northern Territory, Australia,earthquake,,,,,reviewed,us,aust
2003-01-15T02:04:58.000Z,2003-01-15,2003,01,2003-01,-25.906,137.548,10,3.3,ml,10,,,,us,usp000bnjk,2014-11-07T01:17:35.408Z,Northern Territory, Australia,earthquake,,,,,reviewed,aust,aust
2003-01-01T17:47:29.000Z,2003-01-01,2003,01,2003-01,-20.043,133.774,10,4.1,mb,21,,,,us,usp000bmwh,2014-11-07T01:17:30.557Z,Northern Territory, Australia,earthquake,,,,7,reviewed,aust,us
2002-11-09T12:27:54.250Z,2002-11-09,2002,11,2002-11,-36.276,148.93,10,3.2,ml,5,,,0.54,us,usp000bh6s,2014-11-07T01:17:05.607Z,New South Wales, Australia,earthquake,,,,,reviewed,us,mel
2002-11-04T19:34:02.920Z,2002-11-04,2002,11,2002-11,-34.885,144.407,10,3.1,ml,9,,,0.38,us,usp000bgdx,2014-11-07T01:16:58.743Z,New South Wales, Australia,earthquake,,,,,reviewed,us,aust
2002-11-01T08:55:14.420Z,2002-11-01,2002,11,2002-11,-11.191,130.011,10,4.2,ml,6,,,0.45,us,usp000bfsx,2014-11-07T01:16:53.851Z,Northern Territory, Australia,earthquake,,,,,reviewed,us,aust
2002-10-29T15:25:30.400Z,2002-10-29,2002,10,2002-10,-30.598,141.911,10,3.5,ml,14,,,1.55,us,usp000bfm1,2014-11-07T01:16:50.597Z,New South Wales, Australia,earthquake,,,,,reviewed,us,aust
2002-10-29T15:19:25.420Z,2002-10-29,2002,10,2002-10,-30.57,142.012,10,3,ml,9,,,1.39,us,usp000bfm0,2014-11-07T01:16:50.595Z,New South Wales, Australia,earthquake,,,,,reviewed,us,aust
2002-10-23T11:28:36.080Z,2002-10-23,2002,10,2002-10,-35.58,148.045,10,2.6,ml,6,,,0.91,us,usp000bf2v,2014-11-07T01:16:47.967Z,New South Wales, Australia,earthquake,,,,,reviewed,us,aust
2002-10-06T14:57:15.600Z,2002-10-06,2002,10,2002-10,-22.103,129.187,10,3.8,mb,15,,,1.29,us,usp000bdy1,2014-11-07T01:16:42.799Z,Northern Territory, Australia,earthquake,,,,2,reviewed,us,us
2002-10-03T17:00:54.600Z,2002-10-03,2002,10,2002-10,-29.124,147.381,10,2.5,ml,6,,,1.43,us,usp000bdqz,2014-11-07T01:16:41.324Z,New South Wales, Australia,earthquake,,,,,reviewed,us,aust
2002-08-22T21:23:03.870Z,2002-08-22,2002,08,2002-08,-33.844,148.247,10,3.9,ml,15,,,1.18,us,usp000baeq,2014-11-07T01:16:19.366Z,New South Wales, Australia,earthquake,,,,,reviewed,us,aust
2002-08-22T06:58:48.440Z,2002-08-22,2002,08,2002-08,-28.435,149.023,10,3,ml,6,,,0.19,us,usp000bad7,2014-11-07T01:16:18.460Z,Queensland, Australia,earthquake,,,,,reviewed,us,aust
2002-08-10T12:08:30.120Z,2002-08-10,2002,08,2002-08,-33.84,148.716,10,2.7,ml,7,,,1.26,us,usp000b9n6,2014-11-07T01:16:14.780Z,New South Wales, Australia,earthquake,,,,,reviewed,us,aust
2002-08-09T16:50:31.120Z,2002-08-09,2002,08,2002-08,-36.337,145.161,10,2.5,ml,7,,,1.06,us,usp000b9kf,2014-11-07T01:16:14.589Z,Victoria, Australia,earthquake,,,,,reviewed,us,aust
2002-07-30T06:43:25.390Z,2002-07-30,2002,07,2002-07,-36.364,148.497,10,2.7,ml,5,,,1.43,us,usp000b90s,2014-11-07T01:16:07.628Z,New South Wales, Australia,earthquake,,,,,reviewed,us,aust
2002-06-28T12:57:16.510Z,2002-06-28,2002,06,2002-06,-23.369,129.983,10,3.2,ml,5,,,1.36,us,usp000b73m,2014-11-07T01:15:54.618Z,Northern Territory, Australia,earthquake,,,,,reviewed,us,aust
2002-06-20T12:20:53.150Z,2002-06-20,2002,06,2002-06,-34.358,148.65,10,2.9,ml,6,,,0.96,us,usp000b6jv,2014-11-07T01:15:52.010Z,New South Wales, Australia,earthquake,,,,,reviewed,us,aust
2002-04-19T00:02:14.830Z,2002-04-19,2002,04,2002-04,-35.863,143.275,10,2.9,ml,5,,,0.75,us,usp000b2qu,2014-11-07T01:15:26.540Z,Victoria, Australia,earthquake,,,,,reviewed,us,aust
2002-04-16T16:01:23.320Z,2002-04-16,2002,04,2002-04,-23.053,129.904,10,3.4,ml,7,,,1.31,us,usp000b2hc,2014-11-07T01:15:25.690Z,Northern Territory, Australia,earthquake,,,,,reviewed,us,aust
2002-04-15T22:44:48.530Z,2002-04-15,2002,04,2002-04,-23.321,130.18,10,3.4,ml,11,,,1.31,us,usp000b2ft,2014-11-07T01:15:25.534Z,Northern Territory, Australia,earthquake,,,,,reviewed,us,aust
2002-04-12T00:58:57.070Z,2002-04-12,2002,04,2002-04,-21.716,147.895,10,3.6,mb,5,,,0.66,us,usp000b27w,2014-11-07T01:15:24.279Z,Queensland, Australia,earthquake,,,,1,reviewed,us,us
2002-04-08T21:40:19.940Z,2002-04-08,2002,04,2002-04,-35.695,148.418,10,2.8,ml,5,,,0.81,us,usp000b208,2014-11-07T01:15:23.196Z,New South Wales, Australia,earthquake,,,,,reviewed,us,aust
2002-03-17T07:50:26.830Z,2002-03-17,2002,03,2002-03,-33.813,148.652,10,2.9,ml,8,,,1.36,us,usp000b0ge,2014-11-07T01:15:11.300Z,New South Wales, Australia,earthquake,,,,,reviewed,us,aust
2002-03-04T07:50:22.960Z,2002-03-04,2002,03,2002-03,-33.923,147.179,10,2.7,ml,7,,,1.33,us,usp000azka,2014-11-07T01:15:03.258Z,New South Wales, Australia,earthquake,,,,,reviewed,us,aust
2002-02-27T11:47:16.400Z,2002-02-27,2002,02,2002-02,-34.406,148.609,10,3,ml,6,,,0.99,us,usp000az9t,2014-11-07T01:14:58.311Z,New South Wales, Australia,earthquake,,,,,reviewed,us,aust
2002-01-22T09:18:02.240Z,2002-01-22,2002,01,2002-01,-36.339,144.648,10,3.3,ml,10,,,1.37,us,usp000awyq,2014-11-07T01:14:44.365Z,Victoria, Australia,earthquake,,,,,reviewed,us,aust
2001-12-21T03:07:43.800Z,2001-12-21,2001,12,2001-12,-33.884,148.257,10,3.6,ml,9,,,0.92,us,usp000auzs,2014-11-07T01:14:30.558Z,New South Wales, Australia,earthquake,,,,,reviewed,us,aust
2001-12-06T20:10:11.220Z,2001-12-06,2001,12,2001-12,-28.689,148.898,10,2.9,ml,5,,,1.14,us,usp000au4j,2014-11-07T01:14:26.621Z,Queensland, Australia,earthquake,,,,,reviewed,us,aust
2001-11-23T03:33:32.310Z,2001-11-23,2001,11,2001-11,-33.853,148.25,10,3.8,ml,15,,,1.02,us,usp000atb4,2014-11-07T01:14:17.618Z,New South Wales, Australia,earthquake,,,,,reviewed,us,aust
2001-11-11T11:58:30.130Z,2001-11-11,2001,11,2001-11,-29.219,144.145,10,3.2,ml,9,,,1.48,us,usp000asp8,2014-11-07T01:14:13.819Z,New South Wales, Australia,earthquake,,,,,reviewed,us,aust
2001-11-01T16:11:07.850Z,2001-11-01,2001,11,2001-11,-29.83,144.314,10,2.8,ml,5,,,0.97,us,usp000as1s,2014-11-07T01:14:08.741Z,New South Wales, Australia,earthquake,,,,,reviewed,us,aust
2001-10-27T07:58:48.020Z,2001-10-27,2001,10,2001-10,-35.309,143.682,10,4.2,mb,28,,,1.32,us,usp000arqn,2020-04-16T17:58:53.823Z,Victoria, Australia,earthquake,,,,7,reviewed,us,us
2001-10-25T18:56:18.030Z,2001-10-25,2001,10,2001-10,-35.254,148.296,10,2.9,ml,7,,,0.51,us,usp000arn0,2014-11-07T01:14:03.003Z,New South Wales, Australia,earthquake,,,,,reviewed,us,aust
2001-10-07T13:54:39.270Z,2001-10-07,2001,10,2001-10,-24.95,139.72,10,3,ml,7,,,1.24,us,usp000aqcv,2014-11-07T01:13:57.212Z,Queensland, Australia,earthquake,,,,,reviewed,us,aust
2001-09-14T15:18:28.770Z,2001-09-14,2001,09,2001-09,-19.867,133.79,10,5,mb,35,,,0.87,us,usp000ap61,2014-11-07T01:13:48.075Z,Northern Territory, Australia,earthquake,,,,14,reviewed,us,us
2001-05-18T18:37:04.120Z,2001-05-18,2001,05,2001-05,-34.393,148.592,10,3.2,ml,7,,,1.17,us,usp000af52,2014-11-07T01:12:48.558Z,New South Wales, Australia,earthquake,,,,,reviewed,us,aust
2001-04-28T15:58:10.800Z,2001-04-28,2001,04,2001-04,-25.707,137.919,10,2.5,ml,5,,,1.02,us,usp000ae3w,2014-11-07T01:12:39.116Z,Northern Territory, Australia,earthquake,,,,,reviewed,us,aust
2001-04-12T22:37:55.410Z,2001-04-12,2001,04,2001-04,-25.843,137.692,10,3.5,ml,5,,,1.72,us,usp000ad4b,2014-11-07T01:12:34.361Z,Northern Territory, Australia,earthquake,,,,,reviewed,us,aust
2001-04-12T20:12:43.630Z,2001-04-12,2001,04,2001-04,-19.976,134.041,10,4,mb,10,,,1.1,us,usp000ad43,2014-11-07T01:12:34.311Z,Northern Territory, Australia,earthquake,,,,1,reviewed,us,us
2001-04-12T18:22:26.740Z,2001-04-12,2001,04,2001-04,-25.673,137.37,10,3.4,ml,6,,,1.28,us,usp000ad3w,2014-11-07T01:12:34.291Z,Northern Territory, Australia,earthquake,,,,,reviewed,us,aust
2001-04-12T08:18:57.380Z,2001-04-12,2001,04,2001-04,-19.953,133.878,10,3.2,ml,6,,,1.52,us,usp000ad35,2014-11-07T01:12:34.208Z,Northern Territory, Australia,earthquake,,,,,reviewed,us,aust
2001-04-09T13:31:11.370Z,2001-04-09,2001,04,2001-04,-13.44,135.832,10,3.2,ml,6,,,1.5,us,usp000acvx,2014-11-07T01:12:33.163Z,Northern Territory, Australia,earthquake,,,,,reviewed,us,aust
2001-04-04T05:19:39.950Z,2001-04-04,2001,04,2001-04,-19.833,133.813,10,3.4,ml,7,,,0.71,us,usp000achy,2014-11-07T01:12:31.536Z,Northern Territory, Australia,earthquake,,,,,reviewed,us,aust
2001-04-01T05:30:56.560Z,2001-04-01,2001,04,2001-04,-33.968,147.453,10,2.8,ml,4,,,0.71,us,usp000acbq,2014-11-07T01:12:29.149Z,New South Wales, Australia,earthquake,,,,,reviewed,us,aust
2001-03-24T13:38:56.380Z,2001-03-24,2001,03,2001-03,-35.012,148.982,10,2.8,ml,6,,,1.08,us,usp000abyy,2014-11-07T01:12:24.887Z,New South Wales, Australia,earthquake,,,,,reviewed,us,aust
2001-03-13T12:35:29.990Z,2001-03-13,2001,03,2001-03,-33.871,147.136,10,3.2,ml,12,,,1.24,us,usp000abaz,2014-11-07T01:12:20.810Z,New South Wales, Australia,earthquake,,,,,reviewed,us,aust
2001-03-09T16:09:59.720Z,2001-03-09,2001,03,2001-03,-28.528,141.97,10,3.2,ml,13,,,1.26,us,usp000ab5c,2014-11-07T01:12:19.721Z,Queensland, Australia,earthquake,,,,,reviewed,us,aust
2001-02-27T01:02:03.020Z,2001-02-27,2001,02,2001-02,-28.47,141.888,10,3.3,ml,9,,,1.15,us,usp000aafc,2014-11-07T01:12:12.379Z,Queensland, Australia,earthquake,,,,,reviewed,us,aust
2001-02-23T07:15:56.970Z,2001-02-23,2001,02,2001-02,-29.079,150.269,10,2.6,ml,5,,,0.76,us,usp000aa64,2014-11-07T01:12:11.152Z,New South Wales, Australia,earthquake,,,,,reviewed,us,aust
2001-02-06T17:32:13.720Z,2001-02-06,2001,02,2001-02,-19.91,133.74,10,3.4,ml,7,,,1.34,us,usp000a967,2014-11-07T01:12:06.022Z,Northern Territory, Australia,earthquake,,,,,reviewed,us,aust
2000-12-02T11:35:35.220Z,2000-12-02,2000,12,2000-12,-20.107,133.916,10,3.7,ml,6,,,1.16,us,usp000a5cr,2014-11-07T01:11:39.052Z,Northern Territory, Australia,earthquake,,,,,reviewed,us,aust
2000-10-23T21:38:49.690Z,2000-10-23,2000,10,2000-10,-34.607,141.723,10,3.6,ml,6,,,1.02,us,usp000a29m,2014-11-07T01:11:18.470Z,New South Wales, Australia,earthquake,,,,,reviewed,us,aust
2000-09-07T01:07:53.970Z,2000-09-07,2000,09,2000-09,-23.267,131.208,10,3.1,ml,8,,,1.36,us,usp0009ztz,2014-11-07T01:11:03.215Z,Northern Territory, Australia,earthquake,,,,,reviewed,us,aust
2000-08-03T09:31:45.920Z,2000-08-03,2000,08,2000-08,-28.783,143.34,10,3.2,ml,5,,,0.26,us,usp0009xqz,2014-11-07T01:10:48.179Z,Queensland, Australia,earthquake,,,,,reviewed,us,aust
2000-07-16T00:42:22.890Z,2000-07-16,2000,07,2000-07,-34.396,147.02,10,2.5,ml,6,,,0.41,us,usp0009wke,2014-11-07T01:10:36.827Z,New South Wales, Australia,earthquake,,,,,reviewed,us,aust
2000-06-22T18:13:56.300Z,2000-06-22,2000,06,2000-06,-36.862,144.624,10,3.3,ml,5,,,1.79,us,usp0009uzj,2014-11-07T01:10:24.203Z,Victoria, Australia,earthquake,,,,,reviewed,us,aust
2000-06-13T00:59:01.960Z,2000-06-13,2000,06,2000-06,-36.837,147.287,33,3,ml,5,,,0.87,us,usp0009ugc,2014-11-07T01:10:22.095Z,Victoria, Australia,earthquake,,,,,reviewed,us,aust
2000-02-27T17:49:02.960Z,2000-02-27,2000,02,2000-02,-34.437,148.356,10,3.1,ml,,,,1.09,us,usp0009p1e,2014-11-07T01:09:34.230Z,New South Wales, Australia,earthquake,,,,,reviewed,us,aust
1999-11-21T21:40:02.210Z,1999-11-21,1999,11,1999-11,-19.731,133.126,10,4.3,mb,,,,1.14,us,usp0009hyp,2014-11-07T01:08:59.512Z,Northern Territory, Australia,earthquake,,,,1,reviewed,us,us
1999-11-12T07:58:01.560Z,1999-11-12,1999,11,1999-11,-12.841,130.926,10,3.9,mb,,,,0.85,us,usp0009he4,2014-11-07T01:08:57.345Z,Northern Territory, Australia,earthquake,,,,2,reviewed,us,us
1999-05-29T19:39:41.480Z,1999-05-29,1999,05,1999-05,-19.926,133.759,33,4.3,mb,,,,1.05,us,usp00098zp,2014-11-07T01:07:44.683Z,Northern Territory, Australia,earthquake,,,,3,reviewed,us,us
1999-05-10T10:02:23.810Z,1999-05-10,1999,05,1999-05,-20.104,133.869,10,4.4,mb,,,,1.01,us,usp00097qm,2014-11-07T01:07:39.330Z,Northern Territory, Australia,earthquake,,,,4,reviewed,us,us
1999-05-01T18:11:54.680Z,1999-05-01,1999,05,1999-05,-19.964,134.083,25.8,4.1,mb,,,,0.86,us,usp000976d,2014-11-07T01:07:35.205Z,Northern Territory, Australia,earthquake,,9.7,,1,reviewed,us,us
1999-04-15T04:55:51.700Z,1999-04-15,1999,04,1999-04,-20.104,133.992,10,4.7,mb,,,,1.42,us,usp00096ax,2014-11-07T01:07:28.310Z,Northern Territory, Australia,earthquake,,,,13,reviewed,us,us
1999-04-02T06:36:49.080Z,1999-04-02,1999,04,1999-04,-19.771,133.946,10,3.4,mb,,,,0.99,us,usp00095n5,2014-11-07T01:07:21.377Z,Northern Territory, Australia,earthquake,,,,1,reviewed,us,us
1999-03-14T00:13:32.250Z,1999-03-14,1999,03,1999-03,-33.965,146.969,10,3.9,mb,,,,1.36,us,usp00094ff,2014-11-07T01:07:13.614Z,New South Wales, Australia,earthquake,,,,3,reviewed,us,us
1998-11-02T17:09:29.630Z,1998-11-02,1998,11,1998-11,-22.429,151.869,10,4.3,mb,,,,1.36,us,usp0008xgm,2014-11-07T01:06:22.270Z,Queensland, Australia,earthquake,,,,4,reviewed,us,us
1998-10-25T17:01:49.720Z,1998-10-25,1998,10,1998-10,-19.848,133.629,10,3.2,mb,,,,1.2,us,usp0008x1d,2014-11-07T01:06:17.433Z,Northern Territory, Australia,earthquake,,,,1,reviewed,us,us
1998-10-16T13:46:14.960Z,1998-10-16,1998,10,1998-10,-34.487,147.34,10,4,mb,,,,1.02,us,usp0008wm2,2014-11-07T01:06:15.608Z,New South Wales, Australia,earthquake,,,,1,reviewed,us,us
1998-09-27T05:20:13.120Z,1998-09-27,1998,09,1998-09,-19.934,133.661,10,3.9,mb,,,,1.32,us,usp0008vk6,2014-11-07T01:06:06.453Z,Northern Territory, Australia,earthquake,,,,2,reviewed,us,us
1998-08-11T18:25:28.100Z,1998-08-11,1998,08,1998-08,-32.136,144.255,10,3.7,mb,,,,0.98,us,usp0008t40,2014-11-07T01:05:48.442Z,New South Wales, Australia,earthquake,,,,3,reviewed,us,us
1998-07-17T01:22:38.870Z,1998-07-17,1998,07,1998-07,-36.245,147.72,10,4.1,mb,,,,0.99,us,usp0008rnn,2014-11-07T01:05:36.364Z,Victoria, Australia,earthquake,,,,3,reviewed,us,us
1998-06-25T07:39:01.520Z,1998-06-25,1998,06,1998-06,-20.003,133.714,10,3.9,mb,,,,1.26,us,usp0008qf6,2014-11-07T01:05:26.985Z,Northern Territory, Australia,earthquake,,,,7,reviewed,us,us
1998-06-16T15:12:58.960Z,1998-06-16,1998,06,1998-06,-23.703,134.503,10,3.6,mb,,,,1.05,us,usp0008pzm,2014-11-07T01:05:25.066Z,Northern Territory, Australia,earthquake,,,,1,reviewed,us,us
1998-04-03T18:55:09.120Z,1998-04-03,1998,04,1998-04,-25.799,137.709,10,3.8,mb,,,,0.6,us,usp0008jh7,2014-11-07T01:04:56.322Z,Northern Territory, Australia,earthquake,,,,3,reviewed,us,us
1998-02-11T14:17:14.090Z,1998-02-11,1998,02,1998-02,-19.877,133.789,10,3.7,mb,,,,1.2,us,usp0008fu4,2014-11-07T01:04:32.076Z,Northern Territory, Australia,earthquake,,,,2,reviewed,us,us
1996-08-14T09:29:06.920Z,1996-08-14,1996,08,1996-08,-30.003,143.434,10,4.3,mb,,,,1.5,us,usp0007nje,2014-11-07T01:00:58.911Z,New South Wales, Australia,earthquake,,,,3,reviewed,us,us
1996-08-14T03:16:50.180Z,1996-08-14,1996,08,1996-08,-30.068,143.435,10,4.6,mb,,,,1.3,us,usp0007nj2,2020-04-16T18:37:30.802Z,New South Wales, Australia,earthquake,,,,8,reviewed,us,us
1996-08-13T05:44:31.890Z,1996-08-13,1996,08,1996-08,-29.959,143.6,10,4.3,mb,,,,1.2,us,usp0007ngc,2014-11-07T01:00:58.595Z,New South Wales, Australia,earthquake,,,,1,reviewed,us,us
1996-08-13T04:30:11.560Z,1996-08-13,1996,08,1996-08,-30.04,143.56,10,5,mb,,,,1,us,usp0007ngb,2020-04-16T18:37:40.848Z,New South Wales, Australia,earthquake,,,,14,reviewed,us,us
1996-07-17T21:34:25.570Z,1996-07-17,1996,07,1996-07,-20.144,133.88,10,4.9,mb,,,,1.1,us,usp0007m6a,2014-11-07T01:00:48.285Z,Northern Territory, Australia,earthquake,,,,1,reviewed,us,us
1996-06-25T06:05:54.360Z,1996-06-25,1996,06,1996-06,-22.286,147.734,10,3.7,mb,,,,0.7,us,usp0007k81,2014-11-07T01:00:40.292Z,Queensland, Australia,earthquake,,,,2,reviewed,us,us
1996-06-18T00:06:52.300Z,1996-06-18,1996,06,1996-06,-17.972,140.684,10,4.2,mb,,,,1.2,us,usp0007jx7,2014-11-07T01:00:38.598Z,Queensland, Australia,earthquake,,,,6,reviewed,us,us
1996-03-25T07:45:58.520Z,1996-03-25,1996,03,1996-03,-19.985,133.986,10,4.3,mb,,,,1.4,us,usp0007f92,2014-11-07T01:00:08.474Z,Northern Territory, Australia,earthquake,,,,10,reviewed,us,us
1996-01-15T08:38:18.250Z,1996-01-15,1996,01,1996-01,-20.097,133.972,10,4.3,mb,,,,1.5,us,usp0007b43,2014-11-07T00:59:40.513Z,Northern Territory, Australia,earthquake,,,,3,reviewed,us,us
1996-01-13T09:58:09.740Z,1996-01-13,1996,01,1996-01,-20.14,133.907,10,4.2,mb,,,,1.3,us,usp0007azp,2014-11-07T00:59:39.878Z,Northern Territory, Australia,earthquake,,,,4,reviewed,us,us
1995-06-14T16:41:53.290Z,1995-06-14,1995,06,1995-06,-20.138,133.654,10,4.8,mb,,,,1.2,us,usp0006z2r,2014-11-07T00:58:08.822Z,Northern Territory, Australia,earthquake,,,,15,reviewed,us,us
1995-01-02T23:08:19.850Z,1995-01-02,1995,01,1995-01,-20.007,133.724,10,4.1,mb,,,,1.3,us,usp0006qsk,2014-11-07T00:57:04.710Z,Northern Territory, Australia,earthquake,,,,1,reviewed,us,us
1994-09-18T04:08:51.120Z,1994-09-18,1994,09,1994-09,-33.754,148.149,10,3.2,ml,,,,0.3,us,usp0006jmu,2014-11-07T00:56:18.516Z,New South Wales, Australia,earthquake,,,,,reviewed,us,cnb
1994-08-31T20:48:33.190Z,1994-08-31,1994,08,1994-08,-20.663,133.839,10,4.5,mb,,,,1.2,us,usp0006hrp,2014-11-07T00:56:09.235Z,Northern Territory, Australia,earthquake,,,,1,reviewed,us,us
1994-08-21T05:53:50.600Z,1994-08-21,1994,08,1994-08,-33.391,148.186,10,3.8,ml,,,,1.4,us,usp0006h95,2014-11-07T00:56:06.709Z,New South Wales, Australia,earthquake,,,,,reviewed,us,riv
1994-08-21T02:15:06.790Z,1994-08-21,1994,08,1994-08,-33.353,148.277,10,3.4,ml,,,,0.5,us,usp0006h8s,2014-11-07T00:56:06.670Z,New South Wales, Australia,earthquake,,,,,reviewed,us,too
1994-08-19T23:52:10.160Z,1994-08-19,1994,08,1994-08,-33.352,148.234,10,3.5,ml,,,,1.2,us,usp0006h6u,2014-11-07T00:56:06.380Z,New South Wales, Australia,earthquake,,,,,reviewed,us,too
1994-08-19T18:09:51.250Z,1994-08-19,1994,08,1994-08,-33.404,148.261,10,3.4,ml,,,,0.6,us,usp0006h6b,2014-11-07T00:56:06.218Z,New South Wales, Australia,earthquake,,,,,reviewed,us,too
1994-08-19T02:19:39.210Z,1994-08-19,1994,08,1994-08,-33.674,147.984,10,3.4,ml,,,,1.4,us,usp0006h51,2014-11-07T00:56:06.001Z,New South Wales, Australia,earthquake,,,,,reviewed,us,too
1994-08-19T02:14:29.790Z,1994-08-19,1994,08,1994-08,-33.439,148.238,10,3,ml,,,,0.3,us,usp0006h50,2014-11-07T00:56:05.944Z,New South Wales, Australia,earthquake,,,,,reviewed,us,too
1994-05-21T08:59:18.990Z,1994-05-21,1994,05,1994-05,-35.903,146.896,10,3.4,ml,,,,0.2,us,usp0006cvu,2014-11-07T00:55:29.956Z,New South Wales, Australia,earthquake,,,,,reviewed,us,too
1994-02-11T07:25:28.160Z,1994-02-11,1994,02,1994-02,-19.773,133.714,33,3.8,mb,,,,1.5,us,usp00068br,2014-11-07T00:54:57.987Z,Northern Territory, Australia,earthquake,,,,1,reviewed,us,us
1994-02-08T15:31:01.300Z,1994-02-08,1994,02,1994-02,-20.015,133.53,10,4.7,mb,,,,1.2,us,usp000687s,2014-11-07T00:54:57.575Z,Northern Territory, Australia,earthquake,,,,7,reviewed,us,us
1993-12-18T19:27:30.880Z,1993-12-18,1993,12,1993-12,-11.871,133.841,19.3,4.6,mb,,,,1.4,us,usp00065as,2014-11-07T00:54:37.061Z,Northern Territory, Australia,earthquake,,,,3,reviewed,us,us
1993-09-10T11:07:00.360Z,1993-09-10,1993,09,1993-09,-19.965,133.734,10,3.9,mb,,,,1.3,us,usp000602a,2014-11-07T00:53:56.539Z,Northern Territory, Australia,earthquake,,,,1,reviewed,us,us
1993-02-21T08:39:25.350Z,1993-02-21,1993,02,1993-02,-20.221,133.73,5,4.6,mb,,,,1.1,us,usp0005ne6,2014-11-07T00:52:26.167Z,Northern Territory, Australia,earthquake,,,,8,reviewed,us,us
1992-12-12T05:02:15.190Z,1992-12-12,1992,12,1992-12,-34.46,148.518,10,3.1,ml,,,,0.9,us,usp0005j58,2014-11-07T00:52:02.002Z,New South Wales, Australia,earthquake,,,,,reviewed,us,riv
1992-10-11T02:03:25.630Z,1992-10-11,1992,10,1992-10,-34.302,147.326,10,4.1,mb,,,,1.6,us,usp0005f63,2014-11-07T00:51:39.096Z,New South Wales, Australia,earthquake,,,,1,reviewed,us,us
1992-10-01T07:47:02.850Z,1992-10-01,1992,10,1992-10,-20.01,133.834,10,3.1,ml,,,,1.1,us,usp0005et2,2014-11-07T00:51:36.160Z,Northern Territory, Australia,earthquake,,,,,reviewed,us,qis
1992-09-30T11:18:06.600Z,1992-09-30,1992,09,1992-09,-11.363,134.531,37.5,5.4,mb,,,,0.9,us,usp0005erk,2014-11-07T00:51:32.720Z,Northern Territory, Australia,earthquake,,,,38,reviewed,us,us
1992-07-02T18:45:50.440Z,1992-07-02,1992,07,1992-07,-34.803,148.94,10,3,ml,,,,1.4,us,usp0005a5c,2014-11-07T00:50:59.749Z,New South Wales, Australia,earthquake,,,,,reviewed,us,cms
1992-06-13T18:05:17.880Z,1992-06-13,1992,06,1992-06,-23.58,130.284,10,5,mb,,,,1.1,us,usp000591z,2014-11-07T00:50:49.714Z,Northern Territory, Australia,earthquake,,,,7,reviewed,us,us
1992-04-17T12:08:10.400Z,1992-04-17,1992,04,1992-04,-19.867,133.717,10,4.2,mb,,,,1.4,us,usp00055xg,2014-11-07T00:50:27.853Z,Northern Territory, Australia,earthquake,,,,6,reviewed,us,us
1992-02-25T18:46:24.950Z,1992-02-25,1992,02,1992-02,-20.137,133.882,5,4.2,mb,,,,1.4,us,usp00053ga,2014-11-07T00:50:08.166Z,Northern Territory, Australia,earthquake,,,,3,reviewed,us,us
1991-11-24T08:01:17.570Z,1991-11-24,1991,11,1991-11,-34.506,149.274,10,2.9,ml,,,,1.4,us,usp0004zjp,2014-11-07T00:49:36.076Z,New South Wales, Australia,earthquake,,,,,reviewed,us,bfd
1991-11-22T07:11:09.290Z,1991-11-22,1991,11,1991-11,-36.597,145.964,33,3.1,ml,,,,1.3,us,usp0004zf2,2014-11-07T00:49:35.778Z,Victoria, Australia,earthquake,,,,,reviewed,us,bfd
1991-09-28T15:05:40.250Z,1991-09-28,1991,09,1991-09,-27.561,147.717,10,4,ml,,,,1.1,us,usp0004x5t,2014-11-07T00:49:17.966Z,Queensland, Australia,earthquake,,,,,reviewed,us,cnb
1991-09-24T04:36:53.380Z,1991-09-24,1991,09,1991-09,-27.973,148.39,10,3.9,ml,,,,0.9,us,usp0004wzb,2014-11-07T00:49:17.040Z,Queensland, Australia,earthquake,,,,,reviewed,us,qlp
1991-08-06T14:11:42.250Z,1991-08-06,1991,08,1991-08,-17.902,143.217,10,4,mb,,,,1.2,us,usp0004v23,2014-11-07T00:49:03.612Z,Queensland, Australia,earthquake,,,,1,reviewed,us,us
1991-08-04T23:28:01.640Z,1991-08-04,1991,08,1991-08,-19.978,134.063,10,4.5,mb,,,,1.2,us,usp0004v08,2014-11-07T00:49:03.026Z,Northern Territory, Australia,earthquake,,,,1,reviewed,us,us
1991-07-08T10:45:33.780Z,1991-07-08,1991,07,1991-07,-20.225,133.825,5,5.1,mb,,,,1.4,us,usp0004twd,2014-11-07T00:48:53.106Z,Northern Territory, Australia,earthquake,,,,15,reviewed,us,us
1991-06-22T04:19:27.460Z,1991-06-22,1991,06,1991-06,-22.483,148.266,10,3.4,ml,,,,1.5,us,usp0004t96,2014-11-07T00:48:46.662Z,Queensland, Australia,earthquake,,,,,reviewed,us,rmq
1991-06-19T11:38:23.390Z,1991-06-19,1991,06,1991-06,-20.134,133.952,10,5.2,mb,,,,1.6,us,usp0004t5q,2014-11-07T00:48:45.937Z,Northern Territory, Australia,earthquake,,,,21,reviewed,us,us
1991-06-08T19:55:30.990Z,1991-06-08,1991,06,1991-06,-36.801,144.066,10,3.1,ml,,,,1.1,us,usp0004spa,2014-11-07T00:48:43.666Z,Victoria, Australia,earthquake,,,,,reviewed,us,too
1991-05-26T10:04:25.460Z,1991-05-26,1991,05,1991-05,-20.003,133.817,5,3,ml,,,,1.2,us,usp0004s3f,2014-11-07T00:48:37.459Z,Northern Territory, Australia,earthquake,,,,,reviewed,us,qis
1991-05-20T13:36:54.300Z,1991-05-20,1991,05,1991-05,-34.042,148.737,10,3.4,mb,,,,1.3,us,usp0004rw1,2014-11-07T00:48:36.168Z,New South Wales, Australia,earthquake,,,,2,reviewed,us,us
1991-05-03T17:28:13.960Z,1991-05-03,1991,05,1991-05,-36.728,143.965,33,3.4,mb,,,,1.2,us,usp0004r6f,2014-11-07T00:48:32.153Z,Victoria, Australia,earthquake,,,,2,reviewed,us,us
1991-03-07T01:28:10.540Z,1991-03-07,1991,03,1991-03,-20.082,134.025,5,5.2,mb,,,,0.8,us,usp0004nry,2014-11-07T00:48:10.305Z,Northern Territory, Australia,earthquake,,,,8,reviewed,us,us
1991-01-22T00:44:07.830Z,1991-01-22,1991,01,1991-01,-19.927,133.882,5,3.6,ml,,,,1.1,us,usp0004m0q,2014-11-07T00:47:51.886Z,Northern Territory, Australia,earthquake,,,,,reviewed,us,qis
1991-01-03T14:04:57.420Z,1991-01-03,1991,01,1991-01,-20.185,133.674,10,4.8,mb,,,,0.9,us,usp0004k5j,2014-11-07T00:47:45.015Z,Northern Territory, Australia,earthquake,,,,3,reviewed,us,us
1991-01-03T09:40:57.160Z,1991-01-03,1991,01,1991-01,-20.171,133.827,5,4.3,mb,,,,1.4,us,usp0004k5c,2014-11-07T00:47:44.854Z,Northern Territory, Australia,earthquake,,,,2,reviewed,us,us
1990-11-27T21:16:27.930Z,1990-11-27,1990,11,1990-11,-20.098,133.644,5,4.8,mb,,,,1.4,us,usp0004hg3,2014-11-07T00:47:29.088Z,Northern Territory, Australia,earthquake,,,,7,reviewed,us,us
1990-10-31T06:00:01.580Z,1990-10-31,1990,10,1990-10,-19.889,133.573,5,4.3,mb,,,,1,us,usp0004gch,2014-11-07T00:47:19.690Z,Northern Territory, Australia,earthquake,,,,2,reviewed,us,us
1990-10-28T21:40:45.690Z,1990-10-28,1990,10,1990-10,-19.967,133.572,5,3,ml,,,,1.5,us,usp0004g9b,2014-11-07T00:47:19.303Z,Northern Territory, Australia,earthquake,,,,,reviewed,us,qis
1990-10-23T14:30:41.030Z,1990-10-23,1990,10,1990-10,-20.113,133.636,5,2.8,ml,,,,1.3,us,usp0004g2p,2014-11-07T00:47:17.990Z,Northern Territory, Australia,earthquake,,,,,reviewed,us,qis
1990-09-27T12:41:51.300Z,1990-09-27,1990,09,1990-09,-25.919,137.556,10,3.2,ml,,,,1.5,us,usp0004f42,2014-11-07T00:47:08.432Z,Northern Territory, Australia,earthquake,,,,,reviewed,us,qis
1990-09-13T19:28:17.820Z,1990-09-13,1990,09,1990-09,-32.397,149.142,10,3.5,ml,,,,1,us,usp0004ep9,2014-11-07T00:47:06.834Z,New South Wales, Australia,earthquake,,,,,reviewed,us,riv
1990-06-11T20:28:44.610Z,1990-06-11,1990,06,1990-06,-34.921,144.416,10,3.2,ml,,,,1.7,us,usp0004ad4,2014-11-07T00:46:30.946Z,New South Wales, Australia,earthquake,,,,,reviewed,us,bfd
1990-02-23T12:43:16.030Z,1990-02-23,1990,02,1990-02,-32.834,150.693,10,3,ml,,,,0.8,us,usp00045ty,2014-11-07T00:45:47.571Z,New South Wales, Australia,earthquake,,,,,reviewed,us,cnb
1990-01-20T19:56:46.010Z,1990-01-20,1990,01,1990-01,-19.978,133.706,10,4.4,mb,,,,1.3,us,usp00044gs,2014-11-07T00:45:33.836Z,Northern Territory, Australia,earthquake,,,,2,reviewed,us,us
1989-11-02T15:43:20.520Z,1989-11-02,1989,11,1989-11,-19.973,133.779,10,4.1,mb,,,,1,us,usp00041n4,2014-11-07T00:45:09.783Z,Northern Territory, Australia,earthquake,,,,3,reviewed,us,us
1989-09-13T21:52:43.940Z,1989-09-13,1989,09,1989-09,-21.619,129.758,10,4.3,mb,,,,1.5,us,usp0003zhv,2014-11-07T00:44:51.712Z,Northern Territory, Australia,earthquake,,,,1,reviewed,us,us
1989-08-25T15:09:17.040Z,1989-08-25,1989,08,1989-08,-36.134,144.526,10,3.1,ml,,,,1.6,us,usp0003yw9,2014-11-07T00:44:44.927Z,Victoria, Australia,earthquake,,,,,reviewed,us,cms
1989-08-23T22:08:00.660Z,1989-08-23,1989,08,1989-08,-19.777,133.751,5,3.3,mb,,,,1.6,us,usp0003yu8,2014-11-07T00:44:44.741Z,Northern Territory, Australia,earthquake,,,,1,reviewed,us,us
1989-08-08T06:54:21.360Z,1989-08-08,1989,08,1989-08,-27.771,141.314,10,3.6,ml,,,,1.3,us,usp0003y7q,2014-11-07T00:44:40.985Z,Queensland, Australia,earthquake,,,,,reviewed,us,cms
1989-07-23T20:41:15.670Z,1989-07-23,1989,07,1989-07,-13.06,130.385,10,3.9,mb,,,,1,us,usp0003xmn,2014-11-07T00:44:34.259Z,Northern Territory, Australia,earthquake,,,,2,reviewed,us,us
1989-07-15T03:06:05.540Z,1989-07-15,1989,07,1989-07,-35.727,144.515,10,3.3,ml,,,,0.3,us,usp0003xb4,2014-11-07T00:44:33.227Z,New South Wales, Australia,earthquake,,,,,reviewed,us,bfd
1989-06-26T18:13:47.890Z,1989-06-26,1989,06,1989-06,-20.031,133.743,5,4.2,ml,,,,1.2,us,usp0003wpg,2014-11-07T00:44:24.383Z,Northern Territory, Australia,earthquake,,,,,reviewed,us,qis
1989-06-11T14:52:33.700Z,1989-06-11,1989,06,1989-06,-19.96,133.731,5,4.3,mb,,,,1.5,us,usp0003w6f,2014-11-07T00:44:22.270Z,Northern Territory, Australia,earthquake,,,,1,reviewed,us,us
1989-05-28T02:55:19.650Z,1989-05-28,1989,05,1989-05,-25.053,130.781,10,5.8,mb,,,,0.9,us,usp0003vqf,2020-07-07T23:54:21.689Z,Northern Territory, Australia,earthquake,,,,18,reviewed,us,us
1989-05-05T06:16:59.110Z,1989-05-05,1989,05,1989-05,-17.988,131.408,10,4.1,ml,,,,1.1,us,usp0003ux5,2014-11-07T00:44:09.049Z,Northern Territory, Australia,earthquake,,,,,reviewed,us,qis
1989-03-30T12:46:25.670Z,1989-03-30,1989,03,1989-03,-19.904,133.645,5,5.3,mb,,,,1.4,us,usp0003tf5,2014-11-07T00:43:51.780Z,Northern Territory, Australia,earthquake,,,,2,reviewed,us,us
1989-02-08T04:54:53.900Z,1989-02-08,1989,02,1989-02,-19.832,133.625,10,4.4,mb,,,,1,us,usp0003rnm,2014-11-07T00:43:34.877Z,Northern Territory, Australia,earthquake,,,,1,reviewed,us,us
1989-01-20T17:41:37.820Z,1989-01-20,1989,01,1989-01,-35.678,144.335,10,3.4,ml,,,,1.5,us,usp0003r1d,2014-11-07T00:43:28.051Z,New South Wales, Australia,earthquake,,,,,reviewed,us,bfd
1989-01-05T20:48:28.410Z,1989-01-05,1989,01,1989-01,-33.816,147.019,10,4.1,ml,,,,1.3,us,usp0003qjd,2014-11-07T00:43:24.018Z,New South Wales, Australia,earthquake,,,,,reviewed,us,riv
1988-12-25T05:27:57.780Z,1988-12-25,1988,12,1988-12,-36.02,144.187,10,3.3,ml,,,,0.2,us,usp0003q5t,2014-11-07T00:43:19.119Z,Victoria, Australia,earthquake,,,,,reviewed,us,bfd
1988-11-15T23:56:41.630Z,1988-11-15,1988,11,1988-11,-19.999,133.709,5,4.6,mb,,,,1.3,us,usp0003nwd,2014-11-07T00:43:06.458Z,Northern Territory, Australia,earthquake,,,,2,reviewed,us,us
1988-10-29T20:52:42.470Z,1988-10-29,1988,10,1988-10,-24.888,151.602,10,3.4,ml,,,,0.7,us,usp0003nbf,2014-11-07T00:43:00.417Z,Queensland, Australia,earthquake,,,,,reviewed,us,rmq
1988-10-20T21:52:54.990Z,1988-10-20,1988,10,1988-10,-19.945,133.812,5,3.5,ml,,,,1.3,us,usp0003n0t,2014-11-07T00:42:58.838Z,Northern Territory, Australia,earthquake,,,,,reviewed,us,qis
1988-09-30T20:42:58.130Z,1988-09-30,1988,09,1988-09,-20.048,133.865,5,5.3,mb,,,,1.4,us,usp0003mdh,2014-11-07T00:42:52.714Z,Northern Territory, Australia,earthquake,,,,9,reviewed,us,us
1988-09-14T22:09:03.780Z,1988-09-14,1988,09,1988-09,-19.965,133.676,5,4.2,mb,,,,1.2,us,usp0003kza,2014-11-07T00:42:49.327Z,Northern Territory, Australia,earthquake,,,,1,reviewed,us,us
1988-08-15T22:35:36.800Z,1988-08-15,1988,08,1988-08,-19.713,133.873,5,3.6,ml,,,,1.2,us,usp0003k1b,2014-11-07T00:42:40.613Z,Northern Territory, Australia,earthquake,,,,,reviewed,us,qis
1988-07-29T18:16:33.320Z,1988-07-29,1988,07,1988-07,-20.125,133.603,5,4.2,ml,,,,0.7,us,usp0003jc3,2014-11-07T00:42:33.492Z,Northern Territory, Australia,earthquake,,,,,reviewed,us,qis
1988-07-24T19:44:02.280Z,1988-07-24,1988,07,1988-07,-19.84,133.951,5,3.6,ml,,,,1.2,us,usp0003j69,2014-11-07T00:42:32.167Z,Northern Territory, Australia,earthquake,,,,,reviewed,us,qis
1988-07-20T07:07:06.580Z,1988-07-20,1988,07,1988-07,-19.824,134.066,10,3.4,ml,,,,1.8,us,usp0003j0x,2014-11-07T00:42:31.513Z,Northern Territory, Australia,earthquake,,,,,reviewed,us,qis
1988-07-12T11:26:01.030Z,1988-07-12,1988,07,1988-07,-19.74,133.909,10,3.8,ml,,,,1.3,us,usp0003htc,2014-11-07T00:42:30.500Z,Northern Territory, Australia,earthquake,,,,,reviewed,us,qis
1988-07-03T09:17:17.690Z,1988-07-03,1988,07,1988-07,-35.692,144.538,10,3.5,ml,,,,0.3,us,usp0003hj9,2014-11-07T00:42:27.466Z,New South Wales, Australia,earthquake,,,,,reviewed,us,bfd
1988-07-03T08:23:11.900Z,1988-07-03,1988,07,1988-07,-35.627,144.512,10,4.1,ml,,,,1.4,us,usp0003hj5,2014-11-07T00:42:27.452Z,New South Wales, Australia,earthquake,,,,,reviewed,us,cnb
1988-06-24T22:22:47.390Z,1988-06-24,1988,06,1988-06,-19.835,134.013,10,4.7,mb,,,,0.7,us,usp0003h94,2014-11-07T00:42:21.526Z,Northern Territory, Australia,earthquake,,,,1,reviewed,us,us
1988-04-29T16:54:21.460Z,1988-04-29,1988,04,1988-04,-19.997,134.083,5,4.4,mb,,,,1.3,us,usp0003fh3,2014-11-07T00:41:59.690Z,Northern Territory, Australia,earthquake,,,,6,reviewed,us,us
1988-04-22T21:49:19.930Z,1988-04-22,1988,04,1988-04,-35.671,144.508,10,3,ml,,,,1,us,usp0003f9b,2014-11-07T00:41:58.721Z,New South Wales, Australia,earthquake,,,,,reviewed,us,bfd
1988-04-22T20:51:28.250Z,1988-04-22,1988,04,1988-04,-35.762,144.517,10,3.2,ml,,,,0.4,us,usp0003f9a,2014-11-07T00:41:58.719Z,New South Wales, Australia,earthquake,,,,,reviewed,us,too
1988-04-21T16:45:37.550Z,1988-04-21,1988,04,1988-04,-35.695,144.501,30.8,3.4,md,,,,0.7,us,usp0003f7w,2014-11-07T00:41:58.510Z,New South Wales, Australia,earthquake,,11,,,reviewed,us,cnb
1988-04-09T01:22:43.090Z,1988-04-09,1988,04,1988-04,-32.227,149.685,10,4,ml,,,,1.3,us,usp0003euq,2014-11-07T00:41:56.660Z,New South Wales, Australia,earthquake,,,,,reviewed,us,cms
1988-04-02T20:19:37.190Z,1988-04-02,1988,04,1988-04,-20.012,134.014,10,4.9,mb,,,,1,us,usp0003ekp,2014-11-07T00:41:54.580Z,Northern Territory, Australia,earthquake,,,,8,reviewed,us,us
1988-03-28T00:27:07.800Z,1988-03-28,1988,03,1988-03,-20.072,133.786,5,4.5,mb,,,,0.9,us,usp0003ed3,2014-11-07T00:41:50.065Z,Northern Territory, Australia,earthquake,,,,2,reviewed,us,us
1988-02-27T03:20:06.490Z,1988-02-27,1988,02,1988-02,-19.943,133.699,5,4.9,mb,,,,1.1,us,usp0003dd2,2014-11-07T00:41:41.402Z,Northern Territory, Australia,earthquake,,,,1,reviewed,us,us
1988-02-06T19:08:26.410Z,1988-02-06,1988,02,1988-02,-19.567,133.799,10,5,mb,,,,1.4,us,usp0003ctg,2014-11-07T00:41:38.359Z,Northern Territory, Australia,earthquake,,,,1,reviewed,us,us
1988-02-04T13:30:33.040Z,1988-02-04,1988,02,1988-02,-19.928,133.755,10,4.7,mb,,,,1.3,us,usp0003cqq,2014-11-07T00:41:36.891Z,Northern Territory, Australia,earthquake,,,,1,reviewed,us,us
1988-02-03T12:26:37.370Z,1988-02-03,1988,02,1988-02,-19.871,133.641,10,4.6,mb,,,,1.4,us,usp0003cps,2014-11-07T00:41:36.620Z,Northern Territory, Australia,earthquake,,,,2,reviewed,us,us
1988-01-29T10:19:30.840Z,1988-01-29,1988,01,1988-01,-20.003,133.745,5,5.6,mb,,,,1.2,us,usp0003chs,2020-08-28T21:50:30.625Z,Northern Territory, Australia,earthquake,,,,13,reviewed,us,us
1988-01-27T12:35:40.520Z,1988-01-27,1988,01,1988-01,-20.039,133.823,5,3.9,mb,,,,1.5,us,usp0003cfn,2014-11-07T00:41:33.116Z,Northern Territory, Australia,earthquake,,,,1,reviewed,us,us
1988-01-27T11:27:17.120Z,1988-01-27,1988,01,1988-01,-20.067,133.605,5,5.1,mb,,,,1.2,us,usp0003cfe,2014-11-07T00:41:33.092Z,Northern Territory, Australia,earthquake,,,,9,reviewed,us,us
1988-01-25T13:08:06.530Z,1988-01-25,1988,01,1988-01,-20.15,133.874,5,4.8,mb,,,,1.3,us,usp0003ccq,2014-11-07T00:41:32.461Z,Northern Territory, Australia,earthquake,,,,2,reviewed,us,us
1988-01-23T09:07:36.650Z,1988-01-23,1988,01,1988-01,-19.961,133.648,5,4.5,mb,,,,1.2,us,usp0003cas,2014-11-07T00:41:32.160Z,Northern Territory, Australia,earthquake,,,,5,reviewed,us,us
1988-01-23T07:34:34.570Z,1988-01-23,1988,01,1988-01,-20.056,133.852,5,4.6,mb,,,,1.4,us,usp0003cap,2014-11-07T00:41:32.137Z,Northern Territory, Australia,earthquake,,,,8,reviewed,us,us
1988-01-23T07:03:11.170Z,1988-01-23,1988,01,1988-01,-19.931,133.855,5,4.1,mb,,,,1.3,us,usp0003cam,2014-11-07T00:41:32.133Z,Northern Territory, Australia,earthquake,,,,3,reviewed,us,us
1988-01-23T03:33:37.340Z,1988-01-23,1988,01,1988-01,-20.058,133.697,5,4.6,mb,,,,1.3,us,usp0003cae,2014-11-07T00:41:32.121Z,Northern Territory, Australia,earthquake,,,,6,reviewed,us,us
1988-01-22T20:54:03.070Z,1988-01-22,1988,01,1988-01,-19.857,133.991,5,5.4,mw,,,,1,us,usp0003ca0,2020-08-28T21:49:25.499Z,Northern Territory, Australia,earthquake,,,,,reviewed,us,hrv
1988-01-22T13:46:57.010Z,1988-01-22,1988,01,1988-01,-20.366,133.565,5,4.3,mb,,,,0.9,us,usp0003c9r,2014-11-07T00:41:32.028Z,Northern Territory, Australia,earthquake,,,,3,reviewed,us,us
1988-01-22T13:01:36.690Z,1988-01-22,1988,01,1988-01,-20.253,133.692,5,4.7,mb,,,,1,us,usp0003c9q,2014-11-07T00:41:32.026Z,Northern Territory, Australia,earthquake,,,,3,reviewed,us,us
1988-01-22T12:39:33.880Z,1988-01-22,1988,01,1988-01,-20.187,133.611,5,4.9,mb,,,,1,us,usp0003c9p,2014-11-07T00:41:32.022Z,Northern Territory, Australia,earthquake,,,,5,reviewed,us,us
1988-01-22T12:04:57.880Z,1988-01-22,1988,01,1988-01,-19.829,133.882,5,6.7,ms,,,,1.1,us,usp0003c9n,2020-07-07T23:50:04.443Z,Northern Territory, Australia,earthquake,,,,30,reviewed,us,us
1988-01-22T09:20:17.580Z,1988-01-22,1988,01,1988-01,-19.823,133.69,5,4.1,mb,,,,1.4,us,usp0003c9k,2014-11-07T00:41:31.979Z,Northern Territory, Australia,earthquake,,,,3,reviewed,us,us
1988-01-22T04:47:22.030Z,1988-01-22,1988,01,1988-01,-19.879,133.742,5,4.1,mb,,,,1.6,us,usp0003c9d,2014-11-07T00:41:31.954Z,Northern Territory, Australia,earthquake,,,,1,reviewed,us,us
1988-01-22T04:18:46.920Z,1988-01-22,1988,01,1988-01,-19.978,133.663,5,5.1,mb,,,,1.5,us,usp0003c9c,2014-11-07T00:41:31.952Z,Northern Territory, Australia,earthquake,,,,4,reviewed,us,us
1988-01-22T03:57:25.260Z,1988-01-22,1988,01,1988-01,-19.798,133.91,5,6.3,mw,,,,1,us,usp0003c9b,2020-08-28T21:49:02.620Z,Northern Territory, Australia,earthquake,,,,,reviewed,us,hrv
1988-01-22T01:10:14.420Z,1988-01-22,1988,01,1988-01,-19.025,133.62,5,4.3,mb,,,,1.2,us,usp0003c96,2014-11-07T00:41:31.902Z,Northern Territory, Australia,earthquake,,,,1,reviewed,us,us
1988-01-22T00:35:58.070Z,1988-01-22,1988,01,1988-01,-19.847,133.803,5,6.3,mw,,,,1,us,usp0003c94,2020-07-07T23:49:44.757Z,Northern Territory, Australia,earthquake,,,,,reviewed,us,nc
1987-12-22T15:06:29.710Z,1987-12-22,1987,12,1987-12,-36.056,141.418,10,4.6,mb,,,,1.3,us,usp0003bfw,2020-08-28T21:45:39.078Z,Victoria, Australia,earthquake,,,,11,reviewed,us,us
1987-09-29T19:29:20.570Z,1987-09-29,1987,09,1987-09,-14.824,130.246,10,4.3,mb,,,,1.1,us,usp00038ud,2014-11-07T00:40:58.657Z,Northern Territory, Australia,earthquake,,,,1,reviewed,us,us
1987-07-24T03:00:07.880Z,1987-07-24,1987,07,1987-07,-35.679,144.486,10,2.8,ml,,,,0.7,us,usp00036wx,2014-11-07T00:40:41.924Z,New South Wales, Australia,earthquake,,,,,reviewed,us,bfd
1987-01-30T17:42:49.700Z,1987-01-30,1987,01,1987-01,-19.941,133.692,10,4.3,mb,,,,1.4,us,usp000321j,2014-11-07T00:39:41.650Z,Northern Territory, Australia,earthquake,,,,1,reviewed,us,us
1987-01-09T11:27:12.680Z,1987-01-09,1987,01,1987-01,-20.11,133.636,5,5.4,mw,,,,1.1,us,usp00031hu,2016-11-09T21:37:57.372Z,Northern Territory, Australia,earthquake,,,,,reviewed,us,hrv
1987-01-09T01:02:49.310Z,1987-01-09,1987,01,1987-01,-19.887,133.684,10,4.1,mb,,,,1,us,usp00031he,2014-11-07T00:39:38.418Z,Northern Territory, Australia,earthquake,,,,6,reviewed,us,us
1987-01-08T02:38:03.190Z,1987-01-08,1987,01,1987-01,-19.952,133.693,10,4.5,mb,,,,1.2,us,usp00031g7,2014-11-07T00:39:38.049Z,Northern Territory, Australia,earthquake,,,,7,reviewed,us,us
1987-01-07T20:01:52.220Z,1987-01-07,1987,01,1987-01,-19.973,133.898,10,5.2,mb,,,,1.2,us,usp00031fw,2020-08-28T20:53:46.566Z,Northern Territory, Australia,earthquake,,,,12,reviewed,us,us
1987-01-05T14:09:43.620Z,1987-01-05,1987,01,1987-01,-19.924,133.763,10,3.5,mb,,,,1.1,us,usp00031dy,2014-11-07T00:39:37.156Z,Northern Territory, Australia,earthquake,,,,1,reviewed,us,us
1987-01-05T14:05:22.160Z,1987-01-05,1987,01,1987-01,-19.994,133.713,10,4.4,mb,,,,1.5,us,usp00031dx,2014-11-07T00:39:37.146Z,Northern Territory, Australia,earthquake,,,,5,reviewed,us,us
1986-09-22T14:21:43.500Z,1986-09-22,1986,09,1986-09,-34.267,145.575,10,3,mb,,,,0.7,us,usp0002y9e,2014-11-07T00:39:02.217Z,New South Wales, Australia,earthquake,,,,1,reviewed,us,us
1986-07-14T10:36:40.140Z,1986-07-14,1986,07,1986-07,-35.99,144.238,10,3.3,ml,,,,0.1,us,usp0002w11,2014-11-07T00:38:41.587Z,New South Wales, Australia,earthquake,,,,,reviewed,us,stk
1986-04-24T04:43:48.110Z,1986-04-24,1986,04,1986-04,-36.104,143.411,33,3.2,ml,,,,0.6,us,usp0002t58,2014-11-07T00:38:15.445Z,Victoria, Australia,earthquake,,,,,reviewed,us,too
1986-04-14T19:32:41.390Z,1986-04-14,1986,04,1986-04,-24.845,131.218,10,3.6,ml,,,,1.3,us,usp0002sx2,2014-11-07T00:38:13.382Z,Northern Territory, Australia,earthquake,,,,,reviewed,us,asp
1986-04-10T18:53:04.220Z,1986-04-10,1986,04,1986-04,-35.756,144.777,10,4.4,ml,,,,0.8,us,usp0002stz,2014-11-07T00:38:12.553Z,New South Wales, Australia,earthquake,,,,,reviewed,us,riv
1985-09-22T09:47:47.720Z,1985-09-22,1985,09,1985-09,-30.264,141.472,33,3.3,ml,,,,1.2,us,usp0002k04,2014-11-07T00:37:12.009Z,New South Wales, Australia,earthquake,,,,,reviewed,us,cms
1985-08-20T06:55:38.490Z,1985-08-20,1985,08,1985-08,-30.207,150.263,10,3.9,ml,,,,1.2,us,usp0002hy3,2014-11-07T00:37:02.052Z,New South Wales, Australia,earthquake,,,,,reviewed,us,rmq
1985-08-12T07:02:11.310Z,1985-08-12,1985,08,1985-08,-28.747,149.309,33,4.4,ml,,,,1.4,us,usp0002hn1,2014-11-07T00:37:00.483Z,Queensland, Australia,earthquake,,,,,reviewed,us,riv
1985-08-05T08:38:46.370Z,1985-08-05,1985,08,1985-08,-36.582,147.468,33,3.4,mb,,,,1.1,us,usp0002hde,2014-11-07T00:36:58.049Z,Victoria, Australia,earthquake,,,,1,reviewed,us,us
1985-06-11T05:01:51.930Z,1985-06-11,1985,06,1985-06,-36.004,143.363,33,2.8,ml,,,,0.5,us,usp0002fr8,2014-11-07T00:36:43.339Z,Victoria, Australia,earthquake,,,,,reviewed,us,too
1985-06-03T12:34:06.980Z,1985-06-03,1985,06,1985-06,-11.943,134.982,33,3.9,mb,,,,0.9,us,usp0002ffx,2014-11-07T00:36:41.439Z,Northern Territory, Australia,earthquake,,,,3,reviewed,us,us
1984-10-30T06:29:48.710Z,1984-10-30,1984,10,1984-10,-26.374,151.893,33,3.5,mb,,,,1.3,us,usp00028mz,2014-11-07T00:35:37.121Z,Queensland, Australia,earthquake,,,,1,reviewed,us,us
1983-05-18T00:36:11.110Z,1983-05-18,1983,05,1983-05,-25.787,137.429,33,4.5,mb,,,,1.2,us,usp0001vf2,2014-11-07T00:33:10.860Z,Northern Territory, Australia,earthquake,,,,1,reviewed,us,us
1983-04-08T19:33:13.670Z,1983-04-08,1983,04,1983-04,-29.615,142.15,33,4.9,mb,,,,1.4,us,usp0001u9p,2020-04-16T20:05:05.530Z,New South Wales, Australia,earthquake,,,,1,reviewed,us,us
1982-11-26T20:44:51.990Z,1982-11-26,1982,11,1982-11,-33.854,147.159,33,3.4,mb,,,,1.1,us,usp0001r4h,2014-11-07T00:32:14.141Z,New South Wales, Australia,earthquake,,,,1,reviewed,us,us
1982-11-26T00:11:16.390Z,1982-11-26,1982,11,1982-11,-33.876,147.133,33,4.2,mb,,,,0.9,us,usp0001r3z,2014-11-07T00:32:14.036Z,New South Wales, Australia,earthquake,,,,2,reviewed,us,us
1981-10-11T09:26:34.880Z,1981-10-11,1981,10,1981-10,-29.657,151.83,33,3.3,mb,,,,1.8,us,usp0001gdb,2014-11-07T00:30:13.289Z,New South Wales, Australia,earthquake,,,,1,reviewed,us,us